Inventario;Specificazione;Sequenza;Titolo;Edizione;Permalink;;;;;;;;;;;;;;;;;;;;;
RDq 1;1954;1;L'osteria di Paderno (L'osteria di Monte Paderno);ED (Mignon);https://sol.unibo.it/SebinaOpac/resource/mignon-racconti/UBO0036368;;;;;;;;;;;;;;;;;;;;;
RDq 1;1954;1;A proposito di poveri;ED (Mignon);https://sol.unibo.it/SebinaOpac/resource/mignon-racconti/UBO0036368;;;;;;;;;;;;;;;;;;;;;
RDq 1;1954;1;Elio Lelio Crispo (Il signor Elio Lelio Crispo: (l'ermafrodito di Casaralta));ED (Mignon);https://sol.unibo.it/SebinaOpac/resource/mignon-racconti/UBO0036368;;;;;;;;;;;;;;;;;;;;;
RDq 1;1954;1;Mio marito è macellaio (La macelleria);ED (Mignon);https://sol.unibo.it/SebinaOpac/resource/mignon-racconti/UBO0036368;;;;;;;;;;;;;;;;;;;;;
RDq 2;1954;2;I quattro santi coronati [Quattro minatori in Belgio];"ED (L'approdo 1954 n. 2; Mignon)";https://sol.unibo.it/SebinaOpac/resource/mignon-racconti/UBO0036368;;;;;;;;;;;;;;;;;;;;;
RDq 2;1954;2;Dei piccioni di Santa Lucia [Dei colombi in una facciata];"ED (Comunità 1954 n. 25; Mignon)";https://sol.unibo.it/SebinaOpac/resource/mignon-racconti/UBO0036368;;;;;;;;;;;;;;;;;;;;;
RDq 3;1954;3;Un tipo romantico;ED?;;;;;;;;;;;;;;;;;;;;;;
RDq 3;1954;3;La stanza dei termometri [Qualche esperimento sulle caldaie];ED (Mignon);https://sol.unibo.it/SebinaOpac/resource/mignon-racconti/UBO0036368;;;;;;;;;;;;;;;;;;;;;
RDq 4;1954;4;Dare & avere Il vecchio socialista e lo scrittore ;ED (La valigia delle Indie);https://sol.unibo.it/SebinaOpac/resource/la-valigia-delle-indie/UBO0723747;;;;;;;;;;;;;;;;;;;;;
RDq 4;1954;4;Il poeta Virgilio Giotti;ED (La valigia delle Indie);https://sol.unibo.it/SebinaOpac/resource/la-valigia-delle-indie/UBO0723747;;;;;;;;;;;;;;;;;;;;;
RDq 4;1954;4;Dostoevski, o la Russia;ED (La valigia delle Indie);https://sol.unibo.it/SebinaOpac/resource/la-valigia-delle-indie/UBO0723747;;;;;;;;;;;;;;;;;;;;;
RDq 4;1954;4;Saint-Bouve e i veleni;ED (La valigia delle Indie);https://sol.unibo.it/SebinaOpac/resource/la-valigia-delle-indie/UBO0723747;;;;;;;;;;;;;;;;;;;;;
RDq 4;1954;4;Cultura europea intorno al 1930;ED?;;;;;;;;;;;;;;;;;;;;;;
RDq 4;1954;4;Alberino;ED (La valigia delle Indie);https://sol.unibo.it/SebinaOpac/resource/la-valigia-delle-indie/UBO0723747;;;;;;;;;;;;;;;;;;;;;
RDq 5;1954;6;Teste - Valéry (Paul Valéry e M. Teste);ED?;;;;;;;;;;;;;;;;;;;;;;
RDq 6;1954;7;L'osteria di Paderno;ED (Mignon);https://sol.unibo.it/SebinaOpac/resource/mignon-racconti/UBO0036368;;;;;;;;;;;;;;;;;;;;;
RDq 7;1954;8;Marcel Schwob [Piccolo ritratto di Marcel Schwob];ED (La valigia delle Indie);https://sol.unibo.it/SebinaOpac/resource/la-valigia-delle-indie/UBO0723747;;;;;;;;;;;;;;;;;;;;;
RDq 7;1954;8;La mostra di M. Marcucci;ED?;;;;;;;;;;;;;;;;;;;;;;
RDq 8;1954;9;Le case di Bologna;ED (Pirelli 1954 n. 3);https://sol.unibo.it/SebinaOpac/resource/le-case-di-bologna/UBO3680750;;;;;;;;;;;;;;;;;;;;;
RDq 8;1954;9;Lady Macbeth;ED (Le nevi dell'altro anno);https://sol.unibo.it/SebinaOpac/resource/le-nevi-dellaltro-anno-racconti-19671968/UBO0337174;;;;;;;;;;;;;;;;;;;;;
RDq 9;1954;10;Rimbaud in Africa [Rimbaud mercante in Africa];ED (Civiltà delle macchine 1954 n. 5);https://sol.unibo.it/SebinaOpac/resource/rimbaud-mercante-in-africa/UBO3680126;;;;;;;;;;;;;;;;;;;;;
RDq 10;1954;11;Dare & avere : giugno 1954;;;;;;;;;;;;;;;;;;;;;;;
RDq 10;1954;11;Cardarelli e Hemingway [Verità e verità (in letteratura)];ED (La valigia delle Indie);https://sol.unibo.it/SebinaOpac/resource/la-valigia-delle-indie/UBO0723747;;;;;;;;;;;;;;;;;;;;;
RDq 10;1954;11;Lorenzo Montano (Dell'amico di cui sopra);"ED? (Il Mondo 5 giugno 1956; Lo scrittoio)?";;;;;;;;;;;;;;;;;;;;;;
RDq 10;1954;11;Poesia idraulica ;ED (La valigia delle Indie);https://sol.unibo.it/SebinaOpac/resource/la-valigia-delle-indie/UBO0723747;;;;;;;;;;;;;;;;;;;;;
RDq 10;1954;11;Lawrence d'Arabia [338171. T. E. (Lawrence d'Arabia)];ED (La valigia delle Indie);https://sol.unibo.it/SebinaOpac/resource/la-valigia-delle-indie/UBO0723747;;;;;;;;;;;;;;;;;;;;;
RDq 11;1954;12;A proposito delle Lettere dei condannati a morte;ED (La valigia delle Indie);https://sol.unibo.it/SebinaOpac/resource/la-valigia-delle-indie/UBO0723747;;;;;;;;;;;;;;;;;;;;;
RDq 12;1954;13;Guido (Io Guido Reni la pittura di guido reni);ED?;;;;;;;;;;;;;;;;;;;;;;
RDq 13;1954;14;Rimbaud (Le sommeil de Rimbaud);ED (Critique 1954 n. 10);;;;;;;;;;;;;;;;;;;;;;
RDq 14;1954;15;L'ufficiale tedesco;ED (Mignon);https://sol.unibo.it/SebinaOpac/resource/mignon-racconti/UBO0036368;;;;;;;;;;;;;;;;;;;;;
RDq 15;1954;16;Un mitragliamento;ED (Mignon);https://sol.unibo.it/SebinaOpac/resource/mignon-racconti/UBO0036368;;;;;;;;;;;;;;;;;;;;;
RDq 16;1955;01;Scrittori al microfono;ED?;;;;;;;;;;;;;;;;;;;;;;
RDq 16;1955;;Prefazione a Mignon [Nota dell'autore];ED (Mignon);https://sol.unibo.it/SebinaOpac/resource/mignon-racconti/UBO0036368;;;;;;;;;;;;;;;;;;;;;
RDq 17;1955;02;Fumisteria;ED (Mignon);https://sol.unibo.it/SebinaOpac/resource/mignon-racconti/UBO0036368;;;;;;;;;;;;;;;;;;;;;
RDq 18;1955;03;Cortile bolognese;ED (Mignon);https://sol.unibo.it/SebinaOpac/resource/mignon-racconti/UBO0036368;;;;;;;;;;;;;;;;;;;;;
RDq 19;1955;04;Gérard de Nerval [Un poeta impiccato];ED (La valigia delle Indie);https://sol.unibo.it/SebinaOpac/resource/la-valigia-delle-indie/UBO0723747;;;;;;;;;;;;;;;;;;;;;
RDq 19;1955;;Un sogno dell'anno '43 (al mi papa l'è anda a la fira);"ED (Le nevi dell'altro anno; I bachi da seta)";https://sol.unibo.it/SebinaOpac/resource/le-nevi-dellaltro-anno-racconti-19671968/UBO0337174;;;;;;;;;;;;;;;;;;;;;
RDq 19;1955;;La radio del signor Pietro;ED (La valigia delle Indie);https://sol.unibo.it/SebinaOpac/resource/la-valigia-delle-indie/UBO0723747;;;;;;;;;;;;;;;;;;;;;
RDq 20;1955;05;La valigia delle Indie;;;;;;;;;;;;;;;;;;;;;;;
RDq 20;1955;;Il Conrad di Jahier;ED (La valigia delle Indie);https://sol.unibo.it/SebinaOpac/resource/la-valigia-delle-indie/UBO0723747;;;;;;;;;;;;;;;;;;;;;
RDq 20;1955;;Con Maccari, a Bologna;ED (La valigia delle Indie);https://sol.unibo.it/SebinaOpac/resource/la-valigia-delle-indie/UBO0723747;;;;;;;;;;;;;;;;;;;;;
RDq 21;1955;06;Arturo Rimbaud [Rimbaud];ED (La valigia delle Indie);https://sol.unibo.it/SebinaOpac/resource/la-valigia-delle-indie/UBO0723747;;;;;;;;;;;;;;;;;;;;;
RDq 22;1955;07;La valigia delle Indie;;;;;;;;;;;;;;;;;;;;;;;
RDq 22;1955;;Leda [Leda, una favola];ED (La valigia delle Indie);https://sol.unibo.it/SebinaOpac/resource/la-valigia-delle-indie/UBO0723747;;;;;;;;;;;;;;;;;;;;;
RDq 22;1955;;Una festa a Imola [I vecchi internazionalisti];ED (La valigia delle Indie);https://sol.unibo.it/SebinaOpac/resource/la-valigia-delle-indie/UBO0723747;;;;;;;;;;;;;;;;;;;;;
RDq 22;1955;;Clemente Rèbora;ED (La valigia delle Indie);https://sol.unibo.it/SebinaOpac/resource/la-valigia-delle-indie/UBO0723747;;;;;;;;;;;;;;;;;;;;;
RDq 23;1955;08;Varie, aprile 1955;;;;;;;;;;;;;;;;;;;;;;;
RDq 23;1955;;Carlo Porta [Mi sont Carlo Porta];ED (La valigia delle Indie);https://sol.unibo.it/SebinaOpac/resource/la-valigia-delle-indie/UBO0723747;;;;;;;;;;;;;;;;;;;;;
RDq 24;1955;09;La valigia delle Indie aprile maggio 1955;;;;;;;;;;;;;;;;;;;;;;;
RDq 24;1955;;Apollinaire e Cendrars;ED (La valigia delle Indie);https://sol.unibo.it/SebinaOpac/resource/la-valigia-delle-indie/UBO0723747;;;;;;;;;;;;;;;;;;;;;
RDq 24;1955;;Lettera a un poeta [Lettera a un amico poeta];ED (La valigia delle Indie);https://sol.unibo.it/SebinaOpac/resource/la-valigia-delle-indie/UBO0723747;;;;;;;;;;;;;;;;;;;;;
RDq 24;1955;;Giovanni Verga [Verga al Ristorante vegetariano];ED (La valigia delle Indie);https://sol.unibo.it/SebinaOpac/resource/la-valigia-delle-indie/UBO0723747;;;;;;;;;;;;;;;;;;;;;
RDq 25;1955;10;Varie, 1953;;;;;;;;;;;;;;;;;;;;;;;
RDq 25;1955;;La cronaca del Poliziano;ED (La valigia delle Indie);https://sol.unibo.it/SebinaOpac/resource/la-valigia-delle-indie/UBO0723747;;;;;;;;;;;;;;;;;;;;;
RDq 25;1955;;Rime di Dante (Le rime di Dante e gli scultori Pisani);appunti ;;;;;;;;;;;;;;;;;;;;;;
RDq 25;1955;;Ricordo delle Rime;ED (La valigia delle Indie);https://sol.unibo.it/SebinaOpac/resource/la-valigia-delle-indie/UBO0723747;;;;;;;;;;;;;;;;;;;;;
RDq 26;1955;11;Una vecchia bolognese [Una vecchia del Passerotti];ED (La valigia delle Indie);https://sol.unibo.it/SebinaOpac/resource/la-valigia-delle-indie/UBO0723747;;;;;;;;;;;;;;;;;;;;;
RDq 26;1955;;Antonio Fiacchi scrittore;ED (La valigia delle Indie);https://sol.unibo.it/SebinaOpac/resource/la-valigia-delle-indie/UBO0723747;;;;;;;;;;;;;;;;;;;;;
RDq 26;1955;;Tre lettere di Valéry;ED (La valigia delle Indie);https://sol.unibo.it/SebinaOpac/resource/la-valigia-delle-indie/UBO0723747;;;;;;;;;;;;;;;;;;;;;
RDq 27;1955;12;Valigia delle Indie Settembre 1955;;;;;;;;;;;;;;;;;;;;;;;
RDq 27;1955;;(Senza titolo) [Zio Francesco];ED (Ritorno in città);https://sol.unibo.it/SebinaOpac/resource/ritorno-in-citta-8-capitoli-e-due-canti-del-popolo-bolognese/UBO0391990;;;;;;;;;;;;;;;;;;;;;
RDq 27;1955;;Umberto Saba;appunti ED?;;;;;;;;;;;;;;;;;;;;;;
RDq 27;1955;;Cosa fanno i poeti?;ED?;;;;;;;;;;;;;;;;;;;;;;
RDq 28;1955;13;Radio, ottobre 1955;;;;;;;;;;;;;;;;;;;;;;;
RDq 28;1955;;Risposta per la radio;appunti;;;;;;;;;;;;;;;;;;;;;;
RDq 28;1955;;Scrittori al microfono;ED?;;;;;;;;;;;;;;;;;;;;;;
RDq 29;1955;14;Valigia delle Indie;;;;;;;;;;;;;;;;;;;;;;;
RDq 29;1955;;Lacerba futurista;ED?;;;;;;;;;;;;;;;;;;;;;;
RDq 29;1955;;Sbarbaro [Sbarbaro e altri];ED (Lo scrittoio);https://sol.unibo.it/SebinaOpac/resource/lo-scrittoio/UBO0400643;;;;;;;;;;;;;;;;;;;;;
RDq 30;1955;15;"Bastianino detto ""Gratella""";ED?;;;;;;;;;;;;;;;;;;;;;;
RDq 31;1955;16;Vecchie botteghe a Bologna (Botteghe a Bologna);ED?;;;;;;;;;;;;;;;;;;;;;;
RDq 31;1955;;Radiguet o del disegno;ED (Le linee della mano);https://sol.unibo.it/SebinaOpac/resource/le-linee-della-mano-saggi-letterari-19561970/UBO0909072;;;;;;;;;;;;;;;;;;;;;
RDq 31;1955;;Fotografie per la valigia (Fotografie);ED?;;;;;;;;;;;;;;;;;;;;;;
RDq 32;1955;17;Rosai;appunti;;;;;;;;;;;;;;;;;;;;;;
RDq 32;1955;;Il tabernacolo di via San Leonardo;ED (La valigia delle Indie);https://sol.unibo.it/SebinaOpac/resource/la-valigia-delle-indie/UBO0723747;;;;;;;;;;;;;;;;;;;;;
RDq 33;1956;01;Progetti di novelle (o Racconti) Due donne quasi vecchie...;ED?;;;;;;;;;;;;;;;;;;;;;;
RDq 34;1956;02;"Valigia e altro (progetti); Meryon";;;;;;;;;;;;;;;;;;;;;;;
RDq 34;1956;;"Per la Valigia; Una stampa di Méryon";ED (Un occhio sulla pittura)?;;;;;;;;;;;;;;;;;;;;;;
RDq 34;1956;;Una stampa di Méryon (2a versione);ED?;;;;;;;;;;;;;;;;;;;;;;
RDq 35;1956;03;La natura morta;ED (Comunità n. 59 1958)?;;;;;;;;;;;;;;;;;;;;;;
RDq 36;1956;04;Lavori al casello due;ED (Itinerari n. 25 1957);https://sol.unibo.it/SebinaOpac/resource/lavori-al-casello-due/UBO3680258;;;;;;;;;;;;;;;;;;;;;
RDq 37;1956;05;La valigia delle Indie;;;;;;;;;;;;;;;;;;;;;;;
RDq 37;1956;;Dieci anni;ED (Lo scrittoio);https://sol.unibo.it/SebinaOpac/resource/lo-scrittoio/UBO0400643;;;;;;;;;;;;;;;;;;;;;
RDq 37;1956;;Casomai;ED?;;;;;;;;;;;;;;;;;;;;;;
RDq 37;1956;;I sonetti di Pascarella;ED?;;;;;;;;;;;;;;;;;;;;;;
RDq 38;1956;06;Il salotto della Contessa Teresa Carniani Malvezzi;ED?;;;;;;;;;;;;;;;;;;;;;;
RDq 39;1956;07;Il Salotto della Contessa Teresa Malvezzi (Casa Malvezzi);ED?;;;;;;;;;;;;;;;;;;;;;;
RDq 39;1956;;Il salotto di Cornelia Martinelli (Cornelia Martinelli);ED?;;;;;;;;;;;;;;;;;;;;;;
RDq 40;1956;08;Valigia delle Indie;;;;;;;;;;;;;;;;;;;;;;;
RDq 40;1956;;T. S. Eliot [L'inglese Eliot];ED (Lo scrittoio);https://sol.unibo.it/SebinaOpac/resource/lo-scrittoio/UBO0400643;;;;;;;;;;;;;;;;;;;;;
RDq 40;1956;;Gli scrittori e l'automobile (a matita Scrittori al microfono);;;;;;;;;;;;;;;;;;;;;;;
RDq 41;1956;09;Cornelia Martinelli;ED?;;;;;;;;;;;;;;;;;;;;;;
RDq 42;1956;10;Il Pontormo (Pittura e poesia del Pontormo);ED?;;;;;;;;;;;;;;;;;;;;;;
RDq 42;1956;;Lorenzo Montano;ED (Lo scrittoio);https://sol.unibo.it/SebinaOpac/resource/lo-scrittoio/UBO0400643;;;;;;;;;;;;;;;;;;;;;
RDq 43;1956;11;Tempo di guerra;ED (Ritorno in città);https://sol.unibo.it/SebinaOpac/resource/ritorno-in-citta-8-capitoli-e-due-canti-del-popolo-bolognese/UBO0391990;;;;;;;;;;;;;;;;;;;;;
RDq 43;1956;;per Radio Milano;;;;;;;;;;;;;;;;;;;;;;;
RDq 44;1956;12;Valigia delle Indie (da fare) appunti, argomenti;;;;;;;;;;;;;;;;;;;;;;;
RDq 44;1956;;La signora di Fontainebleau;ED?;;;;;;;;;;;;;;;;;;;;;;
RDq 44;1956;;L'antologia del Selvaggio (forse Recensione a volume Neri Pozza 1955);ED?;;;;;;;;;;;;;;;;;;;;;;
RDq 44;1956;;Pascal a Port-Royal [«M. Pascal vint aussi en ce temps-là...»];ED (Lo scrittoio);https://sol.unibo.it/SebinaOpac/resource/lo-scrittoio/UBO0400643;;;;;;;;;;;;;;;;;;;;;
RDq 44;1956;;Il Manierismo in campagna;ED?;;;;;;;;;;;;;;;;;;;;;;
RDq 45;1956;13;Progetti lavori per la Radio;;;;;;;;;;;;;;;;;;;;;;;
RDq 45;1956;;La valigia delle Indie;;;;;;;;;;;;;;;;;;;;;;;
RDq 45;1956;;La Madonna di Leningrado;ED (Un occhio sulla pittura);https://sol.unibo.it/SebinaOpac/resource/un-occhio-sulla-pittura/UBO0748836;;;;;;;;;;;;;;;;;;;;;
RDq 45;1956;;Il nipote di Rousseau;ED?;;;;;;;;;;;;;;;;;;;;;;
RDq 45;1956;;"Diderot ""le contelier""";ED (Lo scrittoio);https://sol.unibo.it/SebinaOpac/resource/lo-scrittoio/UBO0400643;;;;;;;;;;;;;;;;;;;;;
RDq 46;1956;14;Sui Carracci;;;;;;;;;;;;;;;;;;;;;;;
RDq 46;1956;;"""Buonanotte, signor Carracci!"" La macelleria di Annibale";ED?;;;;;;;;;;;;;;;;;;;;;;
RDq 46;1956;;La mostra dei Carracci...(senza titolo);ED?;;;;;;;;;;;;;;;;;;;;;;
RDq 47;1956;15;Varie;;;;;;;;;;;;;;;;;;;;;;;
RDq 47;1956;;Antonio Rinaldi [Per Antonio Rinaldi];ED (Prefazione alle Poesie 1958);https://sol.unibo.it/SebinaOpac/resource/poesie/UBO1151872;;;;;;;;;;;;;;;;;;;;;
RDq 48;1956;16; ;;;;;;;;;;;;;;;;;;;;;;;
RDq 48;1956;;Giorgio Morandi (Il catalogo delle stampe di Morandi);ED?;;;;;;;;;;;;;;;;;;;;;;
RDq 48;1956;;Montale [Eugenio Montale];ED (Lo scrittoio) ;https://sol.unibo.it/SebinaOpac/resource/lo-scrittoio/UBO0400643;;;;;;;;;;;;;;;;;;;;;
RDq 49;1956;17;"Un pittore a Bologna; Germano Pessarelli";ED (Mostra di Germano Pessarelli)?;;;;;;;;;;;;;;;;;;;;;;
RDq 50;1956;18;Belgio;;;;;;;;;;;;;;;;;;;;;;;
RDq 50;1956;;Bruges (Van Eyck e Petrus Cristus) (I pittori di Bruges);ED?;;;;;;;;;;;;;;;;;;;;;;
RDq 50;1956;;Anversa (Rubens);ED?;;;;;;;;;;;;;;;;;;;;;;
RDq 51;1957;01;La valigia delle Indie;;;;;;;;;;;;;;;;;;;;;;;
RDq 51;1957;;Storia di Guillaume Apollinaire;ED (Lo scrittoio);https://sol.unibo.it/SebinaOpac/resource/lo-scrittoio/UBO0400643;;;;;;;;;;;;;;;;;;;;;
RDq 51;1957;;Odilon Redon;ED (Un occhio sulla pittura);https://sol.unibo.it/SebinaOpac/resource/un-occhio-sulla-pittura/UBO0748836;;;;;;;;;;;;;;;;;;;;;
RDq 51;1957;;Alla trattoria;ED?;;;;;;;;;;;;;;;;;;;;;;
RDq 52;1957;02;Appunti - Note varie;;;;;;;;;;;;;;;;;;;;;;;
RDq 52;1957;;Monsù Bernardo;ED?;;;;;;;;;;;;;;;;;;;;;;
RDq 53;1957;03;Manzoni;;;;;;;;;;;;;;;;;;;;;;;
RDq 53;1957;;Osservazioni sui Promessi Sposi [Il paesaggio nei Promessi Sposi];ED (Le linee della mano);https://sol.unibo.it/SebinaOpac/resource/le-linee-della-mano-saggi-letterari-19561970/UBO0909072;;;;;;;;;;;;;;;;;;;;;
RDq 54;1957;04;L'Amleto di Bacchelli;ED (Lo scrittoio);https://sol.unibo.it/SebinaOpac/resource/lo-scrittoio/UBO0400643;;;;;;;;;;;;;;;;;;;;;
RDq 55;1957;05;Varie e Valigia;;;;;;;;;;;;;;;;;;;;;;;
RDq 55;1957;;Dei poeti in questo tempo (Carlino);ED;;;;;;;;;;;;;;;;;;;;;;
RDq 55;1957;;Caffè San Pietro;ED?;;;;;;;;;;;;;;;;;;;;;;
RDq 56;1957;06;Dino Campana quarant'anni dopo (La fortuna di Campana);ED?;;;;;;;;;;;;;;;;;;;;;;
RDq 57;1957;07;Valigia e Varie;;;;;;;;;;;;;;;;;;;;;;;
RDq 57;1957;;André Derain (Omaggio a Derain);ED?;;;;;;;;;;;;;;;;;;;;;;
RDq 57;1957;;La via delle scuole;ED?;;;;;;;;;;;;;;;;;;;;;;
RDq 58;1957;08;Lo scrittoio di Cecchi [Il lungo lavoro di Cecchi];ED (Lo scrittoio);https://sol.unibo.it/SebinaOpac/resource/lo-scrittoio/UBO0400643;;;;;;;;;;;;;;;;;;;;;
RDq 58;1957;;Lettera a Cardarelli;ED (Lo scrittoio);https://sol.unibo.it/SebinaOpac/resource/lo-scrittoio/UBO0400643;;;;;;;;;;;;;;;;;;;;;
RDq 59;1957;09;Joyce [Qualcosa su James Joyce];ED (Lo scrittoio);https://sol.unibo.it/SebinaOpac/resource/lo-scrittoio/UBO0400643;;;;;;;;;;;;;;;;;;;;;
RDq 60;1957;10;Virgilio Giotti;ED (La valigia delle Indie);https://sol.unibo.it/SebinaOpac/resource/la-valigia-delle-indie/UBO0723747;;;;;;;;;;;;;;;;;;;;;
RDq 61;1957;11;Nella cripta di San Domenico (Allarme aereo a San Domenico);ED?;;;;;;;;;;;;;;;;;;;;;;
RDq 61;1957;;Ricordandomi del Reno;ED?;;;;;;;;;;;;;;;;;;;;;;
RDq 62;1957;12;Miscellanea dell'agosto 1957;;;;;;;;;;;;;;;;;;;;;;;
RDq 62;1957;;Pezzi bolognesi (Estate a Bologna);ED?;;;;;;;;;;;;;;;;;;;;;;
RDq 62;1957;;Viaggio in Belgio;ED?;;;;;;;;;;;;;;;;;;;;;;
RDq 62;1957;;Gente a Bruxelles;ED (Lo scrittoio);https://sol.unibo.it/SebinaOpac/resource/lo-scrittoio/UBO0400643;;;;;;;;;;;;;;;;;;;;;
RDq 63;1957;13;Pittori toscani sul muro (Morte al Forte di Belvedere);ED?;;;;;;;;;;;;;;;;;;;;;;
RDq 64;1957;14;Le poesie di Pasternak [Il poeta Boris Pasternak];ED (Lo scrittoio);https://sol.unibo.it/SebinaOpac/resource/lo-scrittoio/UBO0400643;;;;;;;;;;;;;;;;;;;;;
RDq 64;1957;;Diario Fiammingo;ED?;;;;;;;;;;;;;;;;;;;;;;
RDq 64;1957;;Contemporanei di Baudelaire;ED (Lo scrittoio);https://sol.unibo.it/SebinaOpac/resource/lo-scrittoio/UBO0400643;;;;;;;;;;;;;;;;;;;;;
RDq 65;1957;15;Articoli vari;;;;;;;;;;;;;;;;;;;;;;;
RDq 65;1957;;Un paesaggio di Cezanne;ED?;;;;;;;;;;;;;;;;;;;;;;
RDq 65;1957;;Fine di ottobre;ED?;;;;;;;;;;;;;;;;;;;;;;
RDq 65;1957;;Leopoldo Longanesi;ED (Lo scrittoio);https://sol.unibo.it/SebinaOpac/resource/lo-scrittoio/UBO0400643;;;;;;;;;;;;;;;;;;;;;
RDq 66;1957;16;Articoli vari (novembre 1957);;;;;;;;;;;;;;;;;;;;;;;
RDq 66;1957;;Catalogo di stampe;ED?;;;;;;;;;;;;;;;;;;;;;;
RDq 66;1957;;Verso sera;ED?;;;;;;;;;;;;;;;;;;;;;;
RDq 66;1957;;Giovanni Romagnoli;ED (RdC)?;;;;;;;;;;;;;;;;;;;;;;
RDq 67;1957;17;Valigia e altre cose;;;;;;;;;;;;;;;;;;;;;;;
RDq 67;1957;;Blaise Cendrars [Il mio amico Cendrars];ED (Lo scrittoio);https://sol.unibo.it/SebinaOpac/resource/lo-scrittoio/UBO0400643;;;;;;;;;;;;;;;;;;;;;
RDq 67;1957;;Quadretti bolognesi (Città);ED?;;;;;;;;;;;;;;;;;;;;;;
RDq 68;1957;18;De Pisis - nuovi appunti;;;;;;;;;;;;;;;;;;;;;;;
RDq 68;1957;;De Pisis illustratore di libri;ED (Comunità n.58 1958);https://sol.unibo.it/SebinaOpac/resource/de-pisis-illustratore-di-libri/UBO3680778;;;;;;;;;;;;;;;;;;;;;
RDq 69;1957;19;Il bue grasso;ED (Ritorno in città);https://sol.unibo.it/SebinaOpac/resource/ritorno-in-citta-8-capitoli-e-due-canti-del-popolo-bolognese/UBO0391990;;;;;;;;;;;;;;;;;;;;;
RDq 69;1957;;Pesiero di Capodanno;ED (Lo scrittoio);https://sol.unibo.it/SebinaOpac/resource/lo-scrittoio/UBO0400643;;;;;;;;;;;;;;;;;;;;;
RDq 70;1958;01;Varie;;;;;;;;;;;;;;;;;;;;;;;
RDq 70;1958;;I disegni di Longanesi (Carlino);ED;;;;;;;;;;;;;;;;;;;;;;
RDq 70;1958;;Bino Binazzi (Radio);ED?;;;;;;;;;;;;;;;;;;;;;;
RDq 70;1958;;Ritratto di un amico (Alfredo Oriani);ED?;;;;;;;;;;;;;;;;;;;;;;
RDq 71;1958;02;Pittura e Controriforma (Mondo);ED;;;;;;;;;;;;;;;;;;;;;;
RDq 71;1958;;Il signor Carlo (Carlino);ED (Ritorno in città);https://sol.unibo.it/SebinaOpac/resource/ritorno-in-citta-8-capitoli-e-due-canti-del-popolo-bolognese/UBO0391990;;;;;;;;;;;;;;;;;;;;;
RDq 72;1958;03;I vecchi mestieri;ED (Pirelli n.1 1958);;;;;;;;;;;;;;;;;;;;;;
RDq 73;1958;04;Una quadreria sotto i binari;ED (Lo scrittoio);https://sol.unibo.it/SebinaOpac/resource/lo-scrittoio/UBO0400643;;;;;;;;;;;;;;;;;;;;;
RDq 73;1958;;La Terza Pagina (Appunti sulla Terza Pagina);ED?;;;;;;;;;;;;;;;;;;;;;;
RDq 74;1958;05;"Le lettere di Campana a Sibilla Aleramo [La ""bella belva bionda""]";ED (Lo scrittoio);https://sol.unibo.it/SebinaOpac/resource/lo-scrittoio/UBO0400643;;;;;;;;;;;;;;;;;;;;;
RDq 74;1958;;Restif-Dubuffet ('Corps de dames');ED (Comunità n.67 1959)?;;;;;;;;;;;;;;;;;;;;;;
RDq 75;1958;06;Tre bambini in maschera;ED?;;;;;;;;;;;;;;;;;;;;;;
RDq 75;1958;;Invenzione dell'ermafrodito (Lautréamont);ED (Lo scrittoio);https://sol.unibo.it/SebinaOpac/resource/lo-scrittoio/UBO0400643;;;;;;;;;;;;;;;;;;;;;
RDq 76;1958;07;Le lettere di Campana a di Sibilla 2° articolo [Campana innamorato];ED (Lo scrittoio);https://sol.unibo.it/SebinaOpac/resource/lo-scrittoio/UBO0400643;;;;;;;;;;;;;;;;;;;;;
RDq 76;1958;;Neve di Marzo (Cocteau);ED (Lo scrittoio);https://sol.unibo.it/SebinaOpac/resource/lo-scrittoio/UBO0400643;;;;;;;;;;;;;;;;;;;;;
RDq 77;1958;08;La festa di San Giuseppe [Bepo];ED (Ritorno in città);https://sol.unibo.it/SebinaOpac/resource/ritorno-in-citta-8-capitoli-e-due-canti-del-popolo-bolognese/UBO0391990;;;;;;;;;;;;;;;;;;;;;
RDq 77;1958;;Georges Seurat in laguna;ED (Un occhio sulla pittura);https://sol.unibo.it/SebinaOpac/resource/un-occhio-sulla-pittura/UBO0748836;;;;;;;;;;;;;;;;;;;;;
RDq 78;1958;09;Pascoli e gli italiani;ED?;;;;;;;;;;;;;;;;;;;;;;
RDq 78;1958;;L'autunno di Montaigne;ED (Lo scrittoio);https://sol.unibo.it/SebinaOpac/resource/lo-scrittoio/UBO0400643;;;;;;;;;;;;;;;;;;;;;
RDq 78;1958;;Una piccola raccolta di incisioni;ED?;;;;;;;;;;;;;;;;;;;;;;
RDq 78;1958;;Le incisioni di Pessarelli;ED?;;;;;;;;;;;;;;;;;;;;;;
RDq 79;1958;10;Fantasmi di Ruzzante [Gli stracci di Ruzzante];ED (Lo scrittoio);https://sol.unibo.it/SebinaOpac/resource/lo-scrittoio/UBO0400643;;;;;;;;;;;;;;;;;;;;;
RDq 79;1958;;La prosa contemporanea (La prosa italiana moderna [Scrivere in prosa italiana]);ED?;;;;;;;;;;;;;;;;;;;;;;
RDq 80;1958;11;La trattoria dei cacciatori;ED (Lo scrittoio);https://sol.unibo.it/SebinaOpac/resource/lo-scrittoio/UBO0400643;;;;;;;;;;;;;;;;;;;;;
RDq 80;1958;;Ritorno a Pontecchio (La fiera di Pontecchio) ;ED (Ritorno in città);https://sol.unibo.it/SebinaOpac/resource/ritorno-in-citta-8-capitoli-e-due-canti-del-popolo-bolognese/UBO0391990;;;;;;;;;;;;;;;;;;;;;
RDq 81;1958;12;Di alcune date (Una settimana storica);ED?;;;;;;;;;;;;;;;;;;;;;;
RDq 81;1958;;Gérard de Nerval [La favola di Nerval];ED (Lo scrittoio);https://sol.unibo.it/SebinaOpac/resource/lo-scrittoio/UBO0400643;;;;;;;;;;;;;;;;;;;;;
RDq 82;1958;13;Charles Péguy (Valigia) [Saluto a Péguy];ED (Lo scrittoio);https://sol.unibo.it/SebinaOpac/resource/lo-scrittoio/UBO0400643;;;;;;;;;;;;;;;;;;;;;
RDq 82;1958;;L'album dei Mille (Quelli di Marsala);ED?;;;;;;;;;;;;;;;;;;;;;;
RDq 83;1958;14;Il Barocci a via della Lungara;ED?;;;;;;;;;;;;;;;;;;;;;;
RDq 83;1958;;Il panierone di Cuccoli;ED?;;;;;;;;;;;;;;;;;;;;;;
RDq 84;1958;15;Un pittore e un poeta alessandrino (De Pisis e Cavafis);ED (Le linee della mano);https://sol.unibo.it/SebinaOpac/resource/le-linee-della-mano-saggi-letterari-19561970/UBO0909072;;;;;;;;;;;;;;;;;;;;;
RDq 84;1958;;Gli amici al caffè della Barchetta [Gli amici al caffè];ED (Lo scrittoio);https://sol.unibo.it/SebinaOpac/resource/lo-scrittoio/UBO0400643;;;;;;;;;;;;;;;;;;;;;
RDq 84;1958;;Isacco Babel riabilitato;ED (Lo scrittoio);https://sol.unibo.it/SebinaOpac/resource/lo-scrittoio/UBO0400643;;;;;;;;;;;;;;;;;;;;;
RDq 85;1958;16;Sotto la villa Aldini;ED (Lo scrittoio);https://sol.unibo.it/SebinaOpac/resource/lo-scrittoio/UBO0400643;;;;;;;;;;;;;;;;;;;;;
RDq 85;1958;;I viaggi di Brandi;ED?;;;;;;;;;;;;;;;;;;;;;;
RDq 86;1958;17;L'alba del Memoriale 64;ED (Lo scrittoio);https://sol.unibo.it/SebinaOpac/resource/lo-scrittoio/UBO0400643;;;;;;;;;;;;;;;;;;;;;
RDq 86;1958;;Il Porto Naviglio del Basoli;ED?;;;;;;;;;;;;;;;;;;;;;;
RDq 86;1958;;Lorenzo Montano, ricordo;ED (Lo scrittoio);https://sol.unibo.it/SebinaOpac/resource/lo-scrittoio/UBO0400643;;;;;;;;;;;;;;;;;;;;;
RDq 87;1958;18;Apollinaire: 9 novembre 1918;ED (Lo scrittoio);https://sol.unibo.it/SebinaOpac/resource/lo-scrittoio/UBO0400643;;;;;;;;;;;;;;;;;;;;;
RDq 87;1958;;Giorno di Natale (Pensiero di Natale);ED?;;;;;;;;;;;;;;;;;;;;;;
RDq 88;1958;19;ll fanstasma di Dada;ED (Lo scrittoio);https://sol.unibo.it/SebinaOpac/resource/lo-scrittoio/UBO0400643;;;;;;;;;;;;;;;;;;;;;
RDq 88;1958;;Fine di settembre a Zurigo;ED?;;;;;;;;;;;;;;;;;;;;;;
RDq 89;1958;20;Per le strade di Bologna (Vedute di Bologna);ED?;;;;;;;;;;;;;;;;;;;;;;
RDq 89;1958;;A proposito di A. Modigliani;ED (Comunità n.68 1959)?;;;;;;;;;;;;;;;;;;;;;;
RDq 90;1958;21;Il Bellotto a Varsavia;ED?;;;;;;;;;;;;;;;;;;;;;;
RDq 90;1958;;"Considerazioni su Don Giovanni (La favola di Don Giovanni; Il povero Don GIovanni)";ED?;;;;;;;;;;;;;;;;;;;;;;
RDq 91;1958;22;Nota su Antonin Artaud [Il segreto di Antonin Artaud];ED (Lo scrittoio);https://sol.unibo.it/SebinaOpac/resource/lo-scrittoio/UBO0400643;;;;;;;;;;;;;;;;;;;;;
RDq 92;1958;23;"I disegni ""romani"" di Ingres; Ingres ""romano""";ED (Un occhio sulla pittura);https://sol.unibo.it/SebinaOpac/resource/un-occhio-sulla-pittura/UBO0748836;;;;;;;;;;;;;;;;;;;;;
RDq 93;1959;01;Pubblicità economica anno 1914 Resto del Carlino;ED? (Appunti);;;;;;;;;;;;;;;;;;;;;;
RDq 94;1959;02;Le chiese nella città (Corrado Corazza);ED?;;;;;;;;;;;;;;;;;;;;;;
RDq 95;1959;03;L'otto di spade;ED?;;;;;;;;;;;;;;;;;;;;;;
RDq 95;1959;;I quarant'anni della Ronda;ED (Lo scrittoio);https://sol.unibo.it/SebinaOpac/resource/lo-scrittoio/UBO0400643;;;;;;;;;;;;;;;;;;;;;
RDq 96;1959;04;Una domenica di febbraio;ED (Lo scrittoio);https://sol.unibo.it/SebinaOpac/resource/lo-scrittoio/UBO0400643;;;;;;;;;;;;;;;;;;;;;
RDq 96;1959;;Il bottaio del Comunale;ED?;;;;;;;;;;;;;;;;;;;;;;
RDq 97;1959;05;Michael Sweerts (brussellese);ED?;;;;;;;;;;;;;;;;;;;;;;
RDq 97;1959;;La casa di Mallarmé a Valvins;ED (Lo scrittoio);https://sol.unibo.it/SebinaOpac/resource/lo-scrittoio/UBO0400643;;;;;;;;;;;;;;;;;;;;;
RDq 98;1959;06;Il tempo degli aereoplani;ED?;;;;;;;;;;;;;;;;;;;;;;
RDq 98;1959;;Le memorie di Casanova [Le memorie: l'uomo Casanova];ED (Lo scrittoio);https://sol.unibo.it/SebinaOpac/resource/lo-scrittoio/UBO0400643;;;;;;;;;;;;;;;;;;;;;
RDq 99;1959;07;Giotto;ED?;;;;;;;;;;;;;;;;;;;;;;
RDq 99;1959;;Il Giotto di Cesare Gnudi;ED?;;;;;;;;;;;;;;;;;;;;;;
RDq 100;1959;08;La signora La Fayette;ED (Lo scrittoio);https://sol.unibo.it/SebinaOpac/resource/lo-scrittoio/UBO0400643;;;;;;;;;;;;;;;;;;;;;
RDq 100;1959;;Le vecchie librerie;ED?;;;;;;;;;;;;;;;;;;;;;;
RDq 101;1959;09;Guido Cagnacci : (mostra, 1959);ED?;;;;;;;;;;;;;;;;;;;;;;
RDq 101;1959;;Guido Cagnacci, romagnolo [Guidus Cagnaccius];ED (Un occhio sulla pittura);https://sol.unibo.it/SebinaOpac/resource/un-occhio-sulla-pittura/UBO0748836;;;;;;;;;;;;;;;;;;;;;
RDq 102;1959;10;Un canto di soldati ;ED (Lo scrittoio);https://sol.unibo.it/SebinaOpac/resource/lo-scrittoio/UBO0400643;;;;;;;;;;;;;;;;;;;;;
RDq 102;1959;;Stendhal e il realismo;ED?;;;;;;;;;;;;;;;;;;;;;;
RDq 102;1959;;I poeti di Ferrara;ED (Lo scrittoio);https://sol.unibo.it/SebinaOpac/resource/lo-scrittoio/UBO0400643;;;;;;;;;;;;;;;;;;;;;
RDq 103;1959;11;Cartadifrancia;ED?;;;;;;;;;;;;;;;;;;;;;;
RDq 103;1959;;I milanesi di Vuillard;ED?;;;;;;;;;;;;;;;;;;;;;;
RDq 104;1959;12;La favola del Mastelletta;ED (Un occhio sulla pittura);https://sol.unibo.it/SebinaOpac/resource/un-occhio-sulla-pittura/UBO0748836;;;;;;;;;;;;;;;;;;;;;
RDq 104;1959;;Le notti dell'Archiginnasio;ED (Lo scrittoio);https://sol.unibo.it/SebinaOpac/resource/lo-scrittoio/UBO0400643;;;;;;;;;;;;;;;;;;;;;
RDq 105;1959;13;Storie d'amore;ED (Lo scrittoio);https://sol.unibo.it/SebinaOpac/resource/lo-scrittoio/UBO0400643;;;;;;;;;;;;;;;;;;;;;
RDq 105;1959;;"Il caso ""Henri Michaux""";ED (Lo scrittoio);https://sol.unibo.it/SebinaOpac/resource/lo-scrittoio/UBO0400643;;;;;;;;;;;;;;;;;;;;;
RDq 106;1959;14;Soffici in tipografia [Il 14 luglio di Soffici ovvero il pittore in tipografia];ED (Lo scrittoio);https://sol.unibo.it/SebinaOpac/resource/lo-scrittoio/UBO0400643;;;;;;;;;;;;;;;;;;;;;
RDq 106;1959;;La montagna dietro la stazione;ED (Lo scrittoio);https://sol.unibo.it/SebinaOpac/resource/lo-scrittoio/UBO0400643;;;;;;;;;;;;;;;;;;;;;
RDq 107;1959;15;Stufe & termosifoni;ED?;;;;;;;;;;;;;;;;;;;;;;
RDq 107;1959;;I camaleonti in farmacia;ED?;;;;;;;;;;;;;;;;;;;;;;
RDq 108;1959;16;Radiguet in abito da sera;ED (Lo scrittoio);https://sol.unibo.it/SebinaOpac/resource/lo-scrittoio/UBO0400643;;;;;;;;;;;;;;;;;;;;;
RDq 108;1959;;Paul Klee : appunti (Le meraviglie? del professor Klee);ED (Un occhio sulla pittura)?;;;;;;;;;;;;;;;;;;;;;;
RDq 109;1959;17;La notte di San Lorenzo;ED (Lo scrittoio);https://sol.unibo.it/SebinaOpac/resource/lo-scrittoio/UBO0400643;;;;;;;;;;;;;;;;;;;;;
RDq 109;1959;;Neve che si scioglie (Disgelo);ED?;;;;;;;;;;;;;;;;;;;;;;
RDq 135;1959;18;Una tragedia ad Anversa;ED (Lo scrittoio);https://sol.unibo.it/SebinaOpac/resource/lo-scrittoio/UBO0400643;;;;;;;;;;;;;;;;;;;;;
RDq 135;1959;;Jouhandeau, un figlio della Chiesa;ED (Lo scrittoio);https://sol.unibo.it/SebinaOpac/resource/lo-scrittoio/UBO0400643;;;;;;;;;;;;;;;;;;;;;
RDq 110;1959;19;Il fiorentino Mazzoni (Il fiorentino Sebastiano Mazzoni, a Venezia);ED?;;;;;;;;;;;;;;;;;;;;;;
RDq 110;1959;;Interni di Vuillard;ED (Un occhio sulla pittura);https://sol.unibo.it/SebinaOpac/resource/un-occhio-sulla-pittura/UBO0748836;;;;;;;;;;;;;;;;;;;;;
RDq 110;1959;;Estate di San Martino;"ED (Le domeniche d'estate; Le nevi dell'altro anno)";https://sol.unibo.it/SebinaOpac/resource/le-domeniche-destate/UBO0858901;;;;;;;;;;;;;;;;;;;;;
RDq 111;1959;20;Sul prato di Villa Corni ;ED?;;;;;;;;;;;;;;;;;;;;;;
RDq 111;1959;;"Il ""nominato"" Domenico Giordani";ED (Lo scrittoio);https://sol.unibo.it/SebinaOpac/resource/lo-scrittoio/UBO0400643;;;;;;;;;;;;;;;;;;;;;
RDq 111;1959;;Su William Faulkner;ED (Lo scrittoio);https://sol.unibo.it/SebinaOpac/resource/lo-scrittoio/UBO0400643;;;;;;;;;;;;;;;;;;;;;
RDq 112;1959;21;Natale fuori di casa : (Il collaudo) ;ED?;;;;;;;;;;;;;;;;;;;;;;
RDq 112;1959;;Corazzini (La valigia delle Indie);ED?;;;;;;;;;;;;;;;;;;;;;;
RDq 112;1959;;Dialogo dei cani;ED (Il nero e l'azzurro);https://sol.unibo.it/SebinaOpac/resource/il-nero-e-lazzurro-racconti-19681969/UBO1008462;;;;;;;;;;;;;;;;;;;;;
RDq 113;1960;01;Il Reno a Casteldebole;ED?;;;;;;;;;;;;;;;;;;;;;;
RDq 113;1960;;Laforgue celibataire [I paragoni di Laforgue];ED (Le linee della mano);https://sol.unibo.it/SebinaOpac/resource/le-linee-della-mano-saggi-letterari-19561970/UBO0909072;;;;;;;;;;;;;;;;;;;;;
RDq 113;1960;;La casa vecchia;ED?;;;;;;;;;;;;;;;;;;;;;;
RDq 114;1960;02;Sbarbaro, come pittore;ED (Le linee della mano);https://sol.unibo.it/SebinaOpac/resource/le-linee-della-mano-saggi-letterari-19561970/UBO0909072;;;;;;;;;;;;;;;;;;;;;
RDq 114;1960;;Una sera di carnevale;ED?;;;;;;;;;;;;;;;;;;;;;;
RDq 114;1960;;Innocenza ed esperienza del Doganiere;ED (Un occhio sulla pittura);https://sol.unibo.it/SebinaOpac/resource/un-occhio-sulla-pittura/UBO0748836;;;;;;;;;;;;;;;;;;;;;
RDq 115;1960;03;Una notte di Baudelaire (Un pianto di notte) [Un pianto nella notte];ED (Le linee della mano);https://sol.unibo.it/SebinaOpac/resource/le-linee-della-mano-saggi-letterari-19561970/UBO0909072;;;;;;;;;;;;;;;;;;;;;
RDq 115;1960;;Gente di pianura;ED?;;;;;;;;;;;;;;;;;;;;;;
RDq 115;1960;;Una visita di Giotti ;ED?;;;;;;;;;;;;;;;;;;;;;;
RDq 116;1960;04;Finisce la guerra;ED?;;;;;;;;;;;;;;;;;;;;;;
RDq 116;1960;;Lettera ad Alberto Mondadori [Lettera al mio editore];ED (Lo scrittoio);https://sol.unibo.it/SebinaOpac/resource/lo-scrittoio/UBO0400643;;;;;;;;;;;;;;;;;;;;;
RDq 116;1960;;Le carnet de la Californie di Picasso;ED?;;;;;;;;;;;;;;;;;;;;;;
RDq 117;1960;05;La villeggiante di San Luca;ED?;;;;;;;;;;;;;;;;;;;;;;
RDq 117;1960;;Campo di ebrei;ED?;;;;;;;;;;;;;;;;;;;;;;
RDq 117;1960;;Il taccuino del volontario;ED?;;;;;;;;;;;;;;;;;;;;;;
RDq 117;1960;;L'ultimo Valéry;ED?;;;;;;;;;;;;;;;;;;;;;;
RDq 118;1960;06;Il Radiguet per Guanda;ED?;;;;;;;;;;;;;;;;;;;;;;
RDq 119;1960;07;Il viaggio del Canova;ED?;;;;;;;;;;;;;;;;;;;;;;
RDq 119;1960;;Gli amici a pranzo;ED?;;;;;;;;;;;;;;;;;;;;;;
RDq 119;1960;;La cestina del gelato;ED?;;;;;;;;;;;;;;;;;;;;;;
RDq 120;1960;08;Le cave di Maiano;ED?;;;;;;;;;;;;;;;;;;;;;;
RDq 120;1960;;Il Carlo Porta di D. Isella (Carlo Porta, il dialetto, la poesia) [Leggendo il Porta di Dante Isella];ED (Le linee della mano);https://sol.unibo.it/SebinaOpac/resource/le-linee-della-mano-saggi-letterari-19561970/UBO0909072;;;;;;;;;;;;;;;;;;;;;
RDq 120;1960;;La piazza nel sole;ED?;;;;;;;;;;;;;;;;;;;;;;
RDq 121;1960;09;Noterella su Diego Valeri;ED?;;;;;;;;;;;;;;;;;;;;;;
RDq 122;1960;10;Quattro litografie di Soffici;ED?;;;;;;;;;;;;;;;;;;;;;;
RDq 122;1960;;Il mare del passato;ED?;;;;;;;;;;;;;;;;;;;;;;
RDq 123;1960;11;Estaminet La Fleur en Papier Dore (Il Mondo);ED (Il Mondo);;;;;;;;;;;;;;;;;;;;;;
RDq 123;1960;;I piaceri della pittura di Cecchi;ED? (recensione);;;;;;;;;;;;;;;;;;;;;;
RDq 124;1960;12;Presagi dell'autunno ;ED?;;;;;;;;;;;;;;;;;;;;;;
RDq 124;1960;;Ricordo di Supervielle;ED?;;;;;;;;;;;;;;;;;;;;;;
RDq 125;1960;13;Degas da Durand-Ruel (A una mostra di Degas);ED?;;;;;;;;;;;;;;;;;;;;;;
RDq 125;1960;;Novembre a Comacchio;ED?;;;;;;;;;;;;;;;;;;;;;;
RDq 125;1960;;Pomeriggio di novembre;ED?;;;;;;;;;;;;;;;;;;;;;;
RDq 126;1960;14;Il custode di Port-Royal;ED (Grande compianto della città di Parigi);;;;;;;;;;;;;;;;;;;;;;
RDq 126;1960;;Verso le sei di sera (Parigi);ED?;;;;;;;;;;;;;;;;;;;;;;
RDq 126;1960;;Segno e Immagine di Brandi;ED?;;;;;;;;;;;;;;;;;;;;;;
RDq 128;1960;15;Alla stazione di Astapovo;ED?;;;;;;;;;;;;;;;;;;;;;;
RDq 128;1960;;I poeti di Parigi;ED?;;;;;;;;;;;;;;;;;;;;;;
RDq 127;1960;16;Apollinaire e le arti figurative : per la mostra Apollinaire a Roma;ED?;;;;;;;;;;;;;;;;;;;;;;
RDq 129;1960;17;Il canditaio : racconto;ED?;;;;;;;;;;;;;;;;;;;;;;
RDq 129;1960;;I disegni di Paul Klee;ED?;;;;;;;;;;;;;;;;;;;;;;
RDq 130;1960;18;La Roma di Ingres;ED?;;;;;;;;;;;;;;;;;;;;;;
RDq 130;1960;;Il primo giorno dell'anno;ED?;;;;;;;;;;;;;;;;;;;;;;
RDq 131;1961;01;Almanacchi, almanacchi nuovi, lunari nuovi;ED (Le linee della mano);https://sol.unibo.it/SebinaOpac/resource/le-linee-della-mano-saggi-letterari-19561970/UBO0909072;;;;;;;;;;;;;;;;;;;;;
RDq 131;1961;;Vita e pittura di Ottone Rosai;ED?;;;;;;;;;;;;;;;;;;;;;;
RDq 132;1961;02;Storia di Carlo Carrà (Gli ottanta anni di Carrà);ED (RdC 8.3.61);;;;;;;;;;;;;;;;;;;;;;
RDq 133;1961;03;Vecchio mantovano (Il vecchio e il bambino);ED?;;;;;;;;;;;;;;;;;;;;;;
RDq 133;1961;;Taccuinetto faentino di Dino Campana;ED (Le linee della mano);https://sol.unibo.it/SebinaOpac/resource/le-linee-della-mano-saggi-letterari-19561970/UBO0909072;;;;;;;;;;;;;;;;;;;;;
RDq 134;1961;04;"Blaise Cendras : ""la conferenza"" (Il mio amico Cendrars)";ED?;;;;;;;;;;;;;;;;;;;;;;
RDq 136;1961;05;"Marcel Schwob ancora [I due ""assassini"" di Marcel Schwob]";ED (Le linee della mano);https://sol.unibo.it/SebinaOpac/resource/le-linee-della-mano-saggi-letterari-19561970/UBO0909072;;;;;;;;;;;;;;;;;;;;;
RDq 136;1961; ;Conversazione verso sera;ED?;;;;;;;;;;;;;;;;;;;;;;
RDq 137;1961;06;Il doganiere Rousseau e gli altri;ED?;;;;;;;;;;;;;;;;;;;;;;
RDq 137;1961;;Pierre Reverdy : 1917;ED?;;;;;;;;;;;;;;;;;;;;;;
RDq 137;1961;;Manara Valgimigli;ED?;;;;;;;;;;;;;;;;;;;;;;
RDq 138;1961;07;I viaggi di Ungaretti;ED (Le linee della mano);https://sol.unibo.it/SebinaOpac/resource/le-linee-della-mano-saggi-letterari-19561970/UBO0909072;;;;;;;;;;;;;;;;;;;;;
RDq 138;1961;;L'Africa di Rimbaud;ED?;;;;;;;;;;;;;;;;;;;;;;
RDq 139;1961;08;La pista degli automobilini;ED?;;;;;;;;;;;;;;;;;;;;;;
RDq 139;1961;;Un dialogo di Leopardi;ED (Le linee della mano);https://sol.unibo.it/SebinaOpac/resource/le-linee-della-mano-saggi-letterari-19561970/UBO0909072;;;;;;;;;;;;;;;;;;;;;
RDq 139;1961;;Fantasia sullo scultore Brancusi;ED?;;;;;;;;;;;;;;;;;;;;;;
RDq 140;1961;09;Ritrattini romagnoli;ED;;;;;;;;;;;;;;;;;;;;;;
RDq 141;1961;10;Le sculture di Daumier;ED?;;;;;;;;;;;;;;;;;;;;;;
RDq 141;1961;;Un uomo intraprendente;ED?;;;;;;;;;;;;;;;;;;;;;;
RDq 142;1961;11;Ritratti romagnoli;ED (Tuttitalia, Emilia Romagna, vol. 2);https://sol.unibo.it/SebinaOpac/resource/ritratti-romagnoli/UBO3680789;;;;;;;;;;;;;;;;;;;;;
RDq 143;1961;12;Pascal a casa sua;ED (Grande compianto della città di Parigi);https://sol.unibo.it/SebinaOpac/resource/grande-compianto-della-citta-di-parigi-19601962/UBO1442553;;;;;;;;;;;;;;;;;;;;;
RDq 144;1961;13;Qualche annotazione sul Bacchelli bolognese;ED (Le linee della mano);https://sol.unibo.it/SebinaOpac/resource/le-linee-della-mano-saggi-letterari-19561970/UBO0909072;;;;;;;;;;;;;;;;;;;;;
RDq 145;1961;14;La mostra di Giovanni Romagnoli;ED catalogo?;;;;;;;;;;;;;;;;;;;;;;
RDq 162;1961;15;"Mantegna (La mostra di Andrea Mantegna; Ritorno a Mantova)";ED?;;;;;;;;;;;;;;;;;;;;;;
RDq 162;1961;;Classicismo e natura in Mantegna;ED?;;;;;;;;;;;;;;;;;;;;;;
RDq 146;1961;16;Gustave Moreau al Louvre [Gustave Moreau, fra il Louvre e l'Opera];ED (Grande compianto della città di Parigi);https://sol.unibo.it/SebinaOpac/resource/grande-compianto-della-citta-di-parigi-19601962/UBO1442553;;;;;;;;;;;;;;;;;;;;;
RDq 146;1961;;Il quartiere di Pascal;ED (Grande compianto della città di Parigi);https://sol.unibo.it/SebinaOpac/resource/grande-compianto-della-citta-di-parigi-19601962/UBO1442553;;;;;;;;;;;;;;;;;;;;;
RDq 146;1961;;La cucina di Chardin;ED (Un occhio sulla pittura);https://sol.unibo.it/SebinaOpac/resource/un-occhio-sulla-pittura/UBO0748836;;;;;;;;;;;;;;;;;;;;;
RDq 147;1961;17;Dopo Parigi : appunti;;;;;;;;;;;;;;;;;;;;;;;
RDq 147;1961;;Il quartiere di Pascal (appunti);ED (Grande compianto della città di Parigi);https://sol.unibo.it/SebinaOpac/resource/grande-compianto-della-citta-di-parigi-19601962/UBO1442553;;;;;;;;;;;;;;;;;;;;;
RDq 147;1961;;I mattini di P. Valéry (appunti);ED (Grande compianto della città di Parigi);https://sol.unibo.it/SebinaOpac/resource/grande-compianto-della-citta-di-parigi-19601962/UBO1442553;;;;;;;;;;;;;;;;;;;;;
RDq 147;1961;;Il bagno turco di Ingres;ED (Grande compianto della città di Parigi);https://sol.unibo.it/SebinaOpac/resource/grande-compianto-della-citta-di-parigi-19601962/UBO1442553;;;;;;;;;;;;;;;;;;;;;
RDq 147;1961;;I pazzi, i negri, i cavalli di Gericault;assente;;;;;;;;;;;;;;;;;;;;;;
RDq 147;1961;;La cucina di Chardin;assente;;;;;;;;;;;;;;;;;;;;;;
RDq 147;1961;;Il museo Rodin;assente;;;;;;;;;;;;;;;;;;;;;;
RDq 148;1961;18;Un proletario al Louvre;ED (Grande compianto della città di Parigi);https://sol.unibo.it/SebinaOpac/resource/grande-compianto-della-citta-di-parigi-19601962/UBO1442553;;;;;;;;;;;;;;;;;;;;;
RDq 148;1961;;Al museo Rodin [Lo scultore della Belle Époque];ED (Grande compianto della città di Parigi);https://sol.unibo.it/SebinaOpac/resource/grande-compianto-della-citta-di-parigi-19601962/UBO1442553;;;;;;;;;;;;;;;;;;;;;
RDq 149;1961;19;I disegni di Lea Colliva;ED (Prefazione);;;;;;;;;;;;;;;;;;;;;;
RDq 150;1961;20;Un figlio della rivoluzione: Gericault [Gericault, un figlio della Francia];ED (Grande compianto della città di Parigi);https://sol.unibo.it/SebinaOpac/resource/grande-compianto-della-citta-di-parigi-19601962/UBO1442553;;;;;;;;;;;;;;;;;;;;;
RDq 150;1961;;I cordai di porta Galliera;ED?;;;;;;;;;;;;;;;;;;;;;;
RDq 150;1961;;Una illustrazione per Valéry;ED?;;;;;;;;;;;;;;;;;;;;;;
RDq 151;1961;21;Verga nel paesaggio siciliano;ED (Le linee della mano);https://sol.unibo.it/SebinaOpac/resource/le-linee-della-mano-saggi-letterari-19561970/UBO0909072;;;;;;;;;;;;;;;;;;;;;
RDq 151;1961;;Gli artisti nel loro studio;ED?;;;;;;;;;;;;;;;;;;;;;;
RDq 151;1961;;Jackson Pollock e la Fornarina;ED?;;;;;;;;;;;;;;;;;;;;;;
RDq 152;1962;01;I disegni di Michelangelo;ED?;;;;;;;;;;;;;;;;;;;;;;
RDq 152;1962;;Una rivista letteraria a Bologna : (La Raccolta 1918);ED (L'approdo n.16 1961);https://sol.unibo.it/SebinaOpac/resource/una-rivista-letteraria-a-bologna/UBO3679862;;;;;;;;;;;;;;;;;;;;;
RDq 153;1962;02;La partita al pallone del mercoledi (Il giuoco del pallone);ED?;;;;;;;;;;;;;;;;;;;;;;
RDq 153;1962;;L'estetica del Camaleonte (Il cielo della stanza);ED?;;;;;;;;;;;;;;;;;;;;;;
RDq 154;1962;03;La rondine di Banquo;ED (Le linee della mano);https://sol.unibo.it/SebinaOpac/resource/le-linee-della-mano-saggi-letterari-19561970/UBO0909072;;;;;;;;;;;;;;;;;;;;;
RDq 154;1962;;Oskar Kokoschka;ED?;;;;;;;;;;;;;;;;;;;;;;
RDq 155;1962;04;"Un ""Giani - 1962"" (Avevo visto ammazzare un bambino)";ED?;;;;;;;;;;;;;;;;;;;;;;
RDq 155;1962;;Disegni e poesia di Michelangelo;ED?;;;;;;;;;;;;;;;;;;;;;;
RDq 156;1962;05;Bologna cento anni fa : conferenza per la Societa toscana per la storia del Risorgimento;ED (Dattiloscritto);;;;;;;;;;;;;;;;;;;;;;
RDq 157;1962;06;Un momento della nostra vita;ED (RdC);;;;;;;;;;;;;;;;;;;;;;
RDq 157;1962;;I grandi romantici inglesi;ED?;;;;;;;;;;;;;;;;;;;;;;
RDq 158;1962;07;Le stampe del Piranesi;ED?;;;;;;;;;;;;;;;;;;;;;;
RDq 158;1962;;Pascoli, e il paesaggio di Romagna;ED?;;;;;;;;;;;;;;;;;;;;;;
RDq 158;1962;;Il canonico Malvasia;ED?;;;;;;;;;;;;;;;;;;;;;;
RDq 159;1962;08;La peste di Bologna (Il colera nella città);ED?;;;;;;;;;;;;;;;;;;;;;;
RDq 160;1962;09;Evviva il gas (considerazioni sull'arte di oggi);ED?;;;;;;;;;;;;;;;;;;;;;;
RDq 160;1962;;Della memoria dei fatti lontani (Il cielo della stanza);ED (Le linee della mano);https://sol.unibo.it/SebinaOpac/resource/le-linee-della-mano-saggi-letterari-19561970/UBO0909072;;;;;;;;;;;;;;;;;;;;;
RDq 161;1962;10;Osservazioni su Giovanni Verga [Il lavoro di Verga];ED (Le linee della mano);https://sol.unibo.it/SebinaOpac/resource/le-linee-della-mano-saggi-letterari-19561970/UBO0909072;;;;;;;;;;;;;;;;;;;;;
RDq 161;1962;;I primitivi americani;ED?;;;;;;;;;;;;;;;;;;;;;;
RDq 163;1962;11;Il classicismo del Seicento in Italia e la pittura di paesaggio ;appunti;;;;;;;;;;;;;;;;;;;;;;
RDq 163;1962;;allegato 2;ED?;;;;;;;;;;;;;;;;;;;;;;
RDq 164;1962;12;Odilon Redon, il pittore visionario;ED (Un occhio sulla pittura);https://sol.unibo.it/SebinaOpac/resource/un-occhio-sulla-pittura/UBO0748836;;;;;;;;;;;;;;;;;;;;;
RDq 164;1962;;L'armeno Arshile Gorky a Venezia;ED?;;;;;;;;;;;;;;;;;;;;;;
RDq 164;1962;;Viaggio a Bassano;ED?;;;;;;;;;;;;;;;;;;;;;;
RDq 165;1962;13;La morte di Pascal (Nel terzo centenario della morte di Pascal);ED?;;;;;;;;;;;;;;;;;;;;;;
RDq 166;1962;14;Canti popolari emiliani;ED (RdC 6.10.1962);;;;;;;;;;;;;;;;;;;;;;
RDq 166;1962;;Ugo e Diego Valeri;ED?;;;;;;;;;;;;;;;;;;;;;;
RDq 166;1962;;La morte dell'eroe;ED (Un occhio sulla pittura);https://sol.unibo.it/SebinaOpac/resource/un-occhio-sulla-pittura/UBO0748836;;;;;;;;;;;;;;;;;;;;;
RDq 167;1962;15;Arte messicana a Roma;ED?;;;;;;;;;;;;;;;;;;;;;;
RDq 167;1962;;Hanno demolito una casa;ED?;;;;;;;;;;;;;;;;;;;;;;
RDq 167;1962;;Introduzione alla città di Bologna;ED? (Attraverso l'Italia. N. S);;;;;;;;;;;;;;;;;;;;;;
RDq 168;1962;16;La Cronaca Bottrigari;ED?;;;;;;;;;;;;;;;;;;;;;;
RDq 168;1962;;"""Frontespizio"" per il Compianto della citta di Parigi";ED (Grande compianto della città di Parigi);https://sol.unibo.it/SebinaOpac/resource/grande-compianto-della-citta-di-parigi-19601962/UBO1442553;;;;;;;;;;;;;;;;;;;;;
RDq 168;1962;;La raccolta Berenson;ED?;;;;;;;;;;;;;;;;;;;;;;
RDq 168;1962;;Il Giacometti di Palma Bucarelli;ED?;;;;;;;;;;;;;;;;;;;;;;
RDq 169;1962;17;Un vecchio generale d'artiglieria : (Laclos) [La bomba di Laclos];ED (Le linee della mano);https://sol.unibo.it/SebinaOpac/resource/le-linee-della-mano-saggi-letterari-19561970/UBO0909072;;;;;;;;;;;;;;;;;;;;;
RDq 169;1962;;Ritrattino di Antonio Baldini ;ED (RdC 7.11.1962)?;;;;;;;;;;;;;;;;;;;;;;
RDq 169;1962;;La fiera di Santa Lucia;ED?;;;;;;;;;;;;;;;;;;;;;;
RDq 170;1962;18;Il Vitale da Bologna di Gnudi;ED?;;;;;;;;;;;;;;;;;;;;;;
RDq 170;1962;;Marc Chagall;ED?;;;;;;;;;;;;;;;;;;;;;;
RDq 170;1962;;Due parole su Bologna : conferenza Lions Club - Bologna;ED?;;;;;;;;;;;;;;;;;;;;;;
RDq 170;1962;;La pittura, la felicita di Marc Chagall:conferenza tenuta a Bologna, Club di via Castiglione;ED?;;;;;;;;;;;;;;;;;;;;;;
RDq 171;1963;01;"Le opere di Cardarelli (Vincenzo Cardarelli : ""La speranza è nell'opera"")";ED?;;;;;;;;;;;;;;;;;;;;;;
RDq 171;1963;;Cézanne a Basilea [I disegni di Cézanne];ED (Un occhio sulla pittura);https://sol.unibo.it/SebinaOpac/resource/un-occhio-sulla-pittura/UBO0748836;;;;;;;;;;;;;;;;;;;;;
RDq 171;1963;;Il Pascal di Serini;ED?;;;;;;;;;;;;;;;;;;;;;;
RDq 171;1963;;Una traduzione di Pascal;ED?;;;;;;;;;;;;;;;;;;;;;;
RDq 172;1963;02;Un incontro sul porto (Il cielo della stanza);ED?;;;;;;;;;;;;;;;;;;;;;;
RDq 172;1963;;La mostra bolognese di Piranesi;ED?;;;;;;;;;;;;;;;;;;;;;;
RDq 173;1963;03;Antonio, Bartolomeo e Alvise Vivarini (I Vivarini di Rodolfo Pallucchini);ED?;;;;;;;;;;;;;;;;;;;;;;
RDq 173;1963;;La fine dell'inverno (Magalotti);ED?;;;;;;;;;;;;;;;;;;;;;;
RDq 173;1963;;Il pittore Carlo Bonomi (Il ferrarese Carlo Bonomi);ED?;;;;;;;;;;;;;;;;;;;;;;
RDq 174;1963;04;Gli scritti giovanili di Longhi;ED?;;;;;;;;;;;;;;;;;;;;;;
RDq 174;1963;;Barbara : (due parti);ED?;;;;;;;;;;;;;;;;;;;;;;
RDq 175;1963;05;La Certosa di Modena : (Delfini - Stendhal);ED?;;;;;;;;;;;;;;;;;;;;;;
RDq 175;1963;;Il pittore bolognese Athos Casarini;ED?;;;;;;;;;;;;;;;;;;;;;;
RDq 176;1963;06;Il Caravaggio a Napoli;ED?;;;;;;;;;;;;;;;;;;;;;;
RDq 176;1963;;Malumore di marzo (Giorno di marzo);ED?;;;;;;;;;;;;;;;;;;;;;;
RDq 182;1963;07;L'album Wildenstein di Claude Lorrain;ED?;;;;;;;;;;;;;;;;;;;;;;
RDq 182;1963;;Toros y toreros di Picasso;ED?;;;;;;;;;;;;;;;;;;;;;;
RDq 177;1963;08;Faenza neoclassica;ED?;;;;;;;;;;;;;;;;;;;;;;
RDq 177;1963;;Capitolo sull'Emilia;ED (L'Emilia. Almanacco regionale)?;;;;;;;;;;;;;;;;;;;;;;
RDq 177;1963;;Con Piero Jahier;ED?;;;;;;;;;;;;;;;;;;;;;;
RDq 178;1963;09;I primi eroi (i fumetti) [Questi fumetti];ED (RdC 9.05.1963);;;;;;;;;;;;;;;;;;;;;;
RDq 178;1963;;La nicchia di San Bernerdino;ED?;;;;;;;;;;;;;;;;;;;;;;
RDq 178;1963;;I cinquant'anni di Lacerba;ED?;;;;;;;;;;;;;;;;;;;;;;
RDq 179;1963;10;"Un ""pasticciaccio"" nella letteratura italiana";ED?;;;;;;;;;;;;;;;;;;;;;;
RDq 179;1963;;Il marchigiano Luigi Bartolini;ED?;;;;;;;;;;;;;;;;;;;;;;
RDq 180;1963;11;"Giulio Carpioni ""introverso e imprevedibile""";ED?;;;;;;;;;;;;;;;;;;;;;;
RDq 181;1963;12;?;;;;;;;;;;;;;;;;;;;;;;;
RDq 182;1963;13;"Petrarca; Piccola fantasia sul Petrarca (Petrarca visto in sogno)";ED (RdC 21.8.1963);;;;;;;;;;;;;;;;;;;;;;
RDq 183;1963;14;La Romagna per il Touring Club;ED (Attraverso l'Italia, n.12 1964);https://sol.unibo.it/SebinaOpac/resource/bologna-e-romagna/UBO4860434;;;;;;;;;;;;;;;;;;;;;
RDq 184;1963;15;Mario Ricci a Bassano;ED?;;;;;;;;;;;;;;;;;;;;;;
RDq 184;1963;;La natura morta di De Logu;ED?;;;;;;;;;;;;;;;;;;;;;;
RDq 184;1963;;Toscani in natura morta;ED?;;;;;;;;;;;;;;;;;;;;;;
RDq 185;1963;16;Longanesi a Tolentino;ED?;;;;;;;;;;;;;;;;;;;;;;
RDq 185;1963;;Ritorno del Ruzzante;ED?;;;;;;;;;;;;;;;;;;;;;;
RDq 185;1963;;Govoni e De Pisis, pittori ferraresi;ED (La città dalle cento meraviglie e altri scritti, 1965);https://sol.unibo.it/SebinaOpac/resource/la-citta-dalle-cento-meraviglie-e-altri-scritti/UBO1042374;;;;;;;;;;;;;;;;;;;;;
RDq 186;1963;17;Desiderio fra le donne;ED?;;;;;;;;;;;;;;;;;;;;;;
RDq 187;1963;18;L'anno di Delacroix, il '63;ED?;;;;;;;;;;;;;;;;;;;;;;
RDq 187;1963;;Colloqui con Berenson;ED?;;;;;;;;;;;;;;;;;;;;;;
RDq 187;1963;;Gli inglesi a Firenze (i disegni di Horm);ED (RdC 30.11.1963);;;;;;;;;;;;;;;;;;;;;;
RDq 188;1963;19;Giuseppe Gioacchino Belli (1791-1863) (Il Giudizio Universale del Belli);ED?;;;;;;;;;;;;;;;;;;;;;;
RDq 188;1963;;Conto aperto con André Gide;ED?;;;;;;;;;;;;;;;;;;;;;;
RDq 190;1963;20;Racconto di Natale;ED?;;;;;;;;;;;;;;;;;;;;;;
RDq 190;1963;;I ragazzi di San Gessoli (Toscanita, ovvero i ragazzi di San Gessoli);ED?;;;;;;;;;;;;;;;;;;;;;;
RDq 189;1963;21;I ritratti del Fayum;ED?;;;;;;;;;;;;;;;;;;;;;;
RDq 189;1963;;Il Bastianino (Un ferrarese al Giudizio Finale);ED?;;;;;;;;;;;;;;;;;;;;;;
RDq 191;1964;01;La luna nuova;ED (è presente il ds);;;;;;;;;;;;;;;;;;;;;;
RDq 192;1964;02;Carpaccio narratore della realtà;ED (Un occhio sulla pittura);https://sol.unibo.it/SebinaOpac/resource/un-occhio-sulla-pittura/UBO0748836;;;;;;;;;;;;;;;;;;;;;
RDq 192;1964;;L'inverno (Briciole);ED?;;;;;;;;;;;;;;;;;;;;;;
RDq 192;1964;;Vite immaginarie (Vite immaginarie scelte a caso tra modelli contemporanei):;;;;;;;;;;;;;;;;;;;;;;;
RDq 192;1964;;Bonifacio pittore;ED (Il nero e l'azzurro);https://sol.unibo.it/SebinaOpac/resource/il-nero-e-lazzurro-racconti-19681969/UBO1008462;;;;;;;;;;;;;;;;;;;;;
RDq 192;1964;;Miss Cristabelle poetessa;ED?;;;;;;;;;;;;;;;;;;;;;;
RDq 192;1964;;Simone orologiaio [Luca orologiaio];ED (Il nero e l'azzurro);https://sol.unibo.it/SebinaOpac/resource/il-nero-e-lazzurro-racconti-19681969/UBO1008462;;;;;;;;;;;;;;;;;;;;;
RDq 192;1964;;Filippo l'anarchico;ED?;;;;;;;;;;;;;;;;;;;;;;
RDq 193;1964;03;La vita di Galileo di Brecht;pochi appunti;;;;;;;;;;;;;;;;;;;;;;
RDq 193;1964;;"Le ""opere"" di Barilli (Bruno Barilli l'erratico)";ED?;;;;;;;;;;;;;;;;;;;;;;
RDq 194;1964;04;L'altare di Gries;ED (Un occhio sulla pittura);https://sol.unibo.it/SebinaOpac/resource/un-occhio-sulla-pittura/UBO0748836;;;;;;;;;;;;;;;;;;;;;
RDq 194;1964;;L'uomo sotto il portico;ED?;;;;;;;;;;;;;;;;;;;;;;
RDq 195;1964;05;La venexiana;ED (Le linee della mano);https://sol.unibo.it/SebinaOpac/resource/le-linee-della-mano-saggi-letterari-19561970/UBO0909072;;;;;;;;;;;;;;;;;;;;;
RDq 195;1964;;Il Savoldo pittore bresciano;ED?;;;;;;;;;;;;;;;;;;;;;;
RDq 195;1964;;L'oro di Pasqua;ED?;;;;;;;;;;;;;;;;;;;;;;
RDq 196;1964;06;"""Le rameau de Salzbourg""";ED (Le linee della mano);https://sol.unibo.it/SebinaOpac/resource/le-linee-della-mano-saggi-letterari-19561970/UBO0909072;;;;;;;;;;;;;;;;;;;;;
RDq 197;1964;07;L'abito di nozze;ED (è presente il ds);;;;;;;;;;;;;;;;;;;;;;
RDq 198;1964;08;Julio Gonzalez scultore;ED?;;;;;;;;;;;;;;;;;;;;;;
RDq 199;1964;09;Mostra dell'arte romana nell'Italia settentrionale;ED?;;;;;;;;;;;;;;;;;;;;;;
RDq 199;1964;;La natura morta a Napoli;ED?;;;;;;;;;;;;;;;;;;;;;;
RDq 200;1964;10;Una sera d'ottobre ;ED (Letteratura, n. 73 1965);https://sol.unibo.it/SebinaOpac/resource/una-sera-dottobre/UBO3679735;;;;;;;;;;;;;;;;;;;;;
RDq 201;1964;11;Canova a Possagno;ED?;;;;;;;;;;;;;;;;;;;;;;
RDq 201;1964;;Fare un mestiere (La letteratura è alle corde);ED?;;;;;;;;;;;;;;;;;;;;;;
RDq 202;1965;01;Il fiume nella città;ED?;;;;;;;;;;;;;;;;;;;;;;
RDq 203;1965;02;Ritrattino di anarchico [L'anarchico Filippo];ED (Le nevi dell'atro anno);https://sol.unibo.it/SebinaOpac/resource/le-nevi-dellaltro-anno-racconti-19671968/UBO0337174;;;;;;;;;;;;;;;;;;;;;
RDq 204;1965;03;La vecchia centrale termica;ED (Le nevi dell'atro anno);https://sol.unibo.it/SebinaOpac/resource/le-nevi-dellaltro-anno-racconti-19671968/UBO0337174;;;;;;;;;;;;;;;;;;;;;
RDq 205;1965;04;Aurora e Frammenti di Nietzsche;ED (Le linee della mano);https://sol.unibo.it/SebinaOpac/resource/le-linee-della-mano-saggi-letterari-19561970/UBO0909072;;;;;;;;;;;;;;;;;;;;;
RDq 205;1965;;Paesaggi di Versilia;ED?;;;;;;;;;;;;;;;;;;;;;;
RDq 206;1965;05;I mesi del duomo di Ferrara;ED (Un occhio sulla pittura);https://sol.unibo.it/SebinaOpac/resource/un-occhio-sulla-pittura/UBO0748836;;;;;;;;;;;;;;;;;;;;;
RDq 207;1965;06;Una piccola fetta di mondo. Salsomaggiore;ED?;;;;;;;;;;;;;;;;;;;;;;
RDq 207;1965;;Ricordo di Emilio Lovarini;ED (I tempi e gli studi di Emilio Lovarini);https://sol.unibo.it/SebinaOpac/resource/i-tempi-e-gli-studi-di-emilio-lovarini-con-un-ricordo-di-giuseppe-raimondi/UBO3374552;;;;;;;;;;;;;;;;;;;;;
RDq 208;1965;07;Quaderno V. V. (Qualcuno fra di noi);ED (RdC 28.08.65);;;;;;;;;;;;;;;;;;;;;;
RDq 209;1965;08;Gli oggetti di Chardin;ED (Un occhio sulla pittura);https://sol.unibo.it/SebinaOpac/resource/un-occhio-sulla-pittura/UBO0748836;;;;;;;;;;;;;;;;;;;;;
RDq 209;1965;;Ricordo di Manara Valgimigli;ED?;;;;;;;;;;;;;;;;;;;;;;
RDq 210;1965;09;Una nostalgia per Renato Serra;ED (Le linee della mano);https://sol.unibo.it/SebinaOpac/resource/le-linee-della-mano-saggi-letterari-19561970/UBO0909072;;;;;;;;;;;;;;;;;;;;;
RDq 210;1965;;Esame di coscienza;ED (Le linee della mano);https://sol.unibo.it/SebinaOpac/resource/le-linee-della-mano-saggi-letterari-19561970/UBO0909072;;;;;;;;;;;;;;;;;;;;;
RDq 211;1965;10;Capriccio sulle conchiglie;ED?;;;;;;;;;;;;;;;;;;;;;;
RDq 211;1965;;Hemingway a Venezia;ED?;;;;;;;;;;;;;;;;;;;;;;
RDq 211;1965;;L'Enciclopedia di Diderot;ED?;;;;;;;;;;;;;;;;;;;;;;
RDq 212;1965;11;Il mito di Parigi;ED?;;;;;;;;;;;;;;;;;;;;;;
RDq 212;1965;;Visioni di William Blake;ED?;;;;;;;;;;;;;;;;;;;;;;
RDq 213;1965;12;Un Leopardi tascabile;ED (Le linee della mano);https://sol.unibo.it/SebinaOpac/resource/le-linee-della-mano-saggi-letterari-19561970/UBO0909072;;;;;;;;;;;;;;;;;;;;;
RDq 214;1965;13;I disegni del Pontormo [Uomini nel diluvio];ED (Un occhio sulla pittura);https://sol.unibo.it/SebinaOpac/resource/un-occhio-sulla-pittura/UBO0748836;;;;;;;;;;;;;;;;;;;;;
RDq 214;1965;;L'album Proust;ED?;;;;;;;;;;;;;;;;;;;;;;
RDq 215;1965;14;Il pittore Giovanni Romagnoli;ED?;;;;;;;;;;;;;;;;;;;;;;
RDq 215;1965;;La mostra della scultura bolognese del Settecento;ED?;;;;;;;;;;;;;;;;;;;;;;
RDq 215;1965;;"Il letto alla francese o ""Una stampa di Rembrandt""";ED (Un occhio sulla pittura);https://sol.unibo.it/SebinaOpac/resource/un-occhio-sulla-pittura/UBO0748836;;;;;;;;;;;;;;;;;;;;;
RDq 216;1966;01;I grandi maestri dell'incisione;ED?;;;;;;;;;;;;;;;;;;;;;;
RDq 216;1966;;"Strenne e libri d'arte Bolaffi o la ""borsa"" dei pittori";ED?;;;;;;;;;;;;;;;;;;;;;;
RDq 216;1966;;"Il manierismo in pittura o ""cos'è il manierismo""";ED?;;;;;;;;;;;;;;;;;;;;;;
RDq 217;1966;02;Severino Ferrari. Conferenza tenuta al Lions Club di Molinella il 17 gennaio 1966;ED (Argomenti. Rivista mensile);;;;;;;;;;;;;;;;;;;;;;
RDq 218;1966;03;La lettera della befana;ED (Le linee della mano);https://sol.unibo.it/SebinaOpac/resource/le-linee-della-mano-saggi-letterari-19561970/UBO0909072;;;;;;;;;;;;;;;;;;;;;
RDq 218;1966;;La causa lunga;ED?;;;;;;;;;;;;;;;;;;;;;;
RDq 219;1966;04;Umano, troppo umano di Nietzsche;ED (Le linee della mano);https://sol.unibo.it/SebinaOpac/resource/le-linee-della-mano-saggi-letterari-19561970/UBO0909072;;;;;;;;;;;;;;;;;;;;;
RDq 219;1966;;Progetti per articoli e racconti fra il 20 febbraio e il 20 aprile (quando sarò in Castiglione);;;;;;;;;;;;;;;;;;;;;;;
RDq 219;1966;;1. Il cortile di Santo Stefano;ED?;;;;;;;;;;;;;;;;;;;;;;
RDq 219;1966;;"2. Dylan Thomas e la pittura ""umana"", ""animale"" di Francis Bacon";ED?;;;;;;;;;;;;;;;;;;;;;;
RDq 219;1966;;Gli aeroplani;ED?;;;;;;;;;;;;;;;;;;;;;;
RDq 219;1966;;De Pisis vivo;ED?;;;;;;;;;;;;;;;;;;;;;;
RDq 220;1966;05;Un Oscar per Cardarelli;ED?;;;;;;;;;;;;;;;;;;;;;;
RDq 220;1966;;La primavera di Laforgue;ED (Le linee della mano);https://sol.unibo.it/SebinaOpac/resource/le-linee-della-mano-saggi-letterari-19561970/UBO0909072;;;;;;;;;;;;;;;;;;;;;
RDq 220;1966;;"La brutta ""storia"" dei Canti Orfici";ED?;;;;;;;;;;;;;;;;;;;;;;
RDq 221;1966;06;Il Monsieur Teste di Longanesi;ED (Le linee della mano);https://sol.unibo.it/SebinaOpac/resource/le-linee-della-mano-saggi-letterari-19561970/UBO0909072;;;;;;;;;;;;;;;;;;;;;
RDq 221;1966;;Gustavo Courbet in edicola;ED?;;;;;;;;;;;;;;;;;;;;;;
RDq 221;1966;;Saluto a Carlo Carrà;ED?;;;;;;;;;;;;;;;;;;;;;;
RDq 222;1966;07;Domenica di maggio;ED?;;;;;;;;;;;;;;;;;;;;;;
RDq 222;1966;;Viaggio pittorico da Bologna a Modena (Corazza);ED?;;;;;;;;;;;;;;;;;;;;;;
RDq 222;1966;;"Il ""mostro"" Francois Villon";ED?;;;;;;;;;;;;;;;;;;;;;;
RDq 223;1966;08;Presentazione mostra di De Pisis a Torino (L'omaggio torinese a De Pisis);ED?;;;;;;;;;;;;;;;;;;;;;;
RDq 224;1966;09;Kobilek di Ardengo Soffici;ED?;;;;;;;;;;;;;;;;;;;;;;
RDq 224;1966;;"Stendhal e la pittura italiana [Stendhal e i ""bolognesi""]";ED (Un occhio sulla pittura);https://sol.unibo.it/SebinaOpac/resource/un-occhio-sulla-pittura/UBO0748836;;;;;;;;;;;;;;;;;;;;;
RDq 225;1966;10;Collages;ED?;;;;;;;;;;;;;;;;;;;;;;
RDq 225;1966;;L'ultimo romantico tedesco: Max Ernst;ED?;;;;;;;;;;;;;;;;;;;;;;
RDq 225;1966;;I pittori di Cesena;ED?;;;;;;;;;;;;;;;;;;;;;;
RDq 226;1966;11;Un pensiero di Leopardi (Zibaldone, 2. vol.) [Dallo Zibaldone di Leopardi];;;;;;;;;;;;;;;;;;;;;;;
RDq 226;1966;11;Nota su Carlo Porta romantico e realista [Carlo Porta romantico e realista];;;;;;;;;;;;;;;;;;;;;;;
RDq 226;1966;11;L'inverno di Dante;;;;;;;;;;;;;;;;;;;;;;;
RDq 227;1967;01;Le ultime farfalle (Quattro o cinque giovani scrittori);ED?;;;;;;;;;;;;;;;;;;;;;;
RDq 227;1967;;Veneziani e trovatori (Poeti veneziani e trovatori);ED?;;;;;;;;;;;;;;;;;;;;;;
RDq 228;1967;02;Convalescenza con gli inglesi;ED?;;;;;;;;;;;;;;;;;;;;;;
RDq 228;1967;;L'eredità di Giotto;ED?;;;;;;;;;;;;;;;;;;;;;;
RDq 229;1967;03;Otto acquerelli di Cézanne [Cézanne all'acquerello];ED (Un occhio sulla pittura);https://sol.unibo.it/SebinaOpac/resource/un-occhio-sulla-pittura/UBO0748836;;;;;;;;;;;;;;;;;;;;;
RDq 229;1967;;Crepuscolo di uno scrittore (Scott Fitzgerald);ED?;;;;;;;;;;;;;;;;;;;;;;
RDq 230;1967;04;L'uomo dal bicchiere di vino;ED (Un occhio sulla pittura);https://sol.unibo.it/SebinaOpac/resource/un-occhio-sulla-pittura/UBO0748836;;;;;;;;;;;;;;;;;;;;;
RDq 231;1967;05;Principio dell'autunno;ED?;;;;;;;;;;;;;;;;;;;;;;
RDq 231;1967;;Ritorno a Comacchio [Anitre di valle];ED (Le nevi dell'altro anno);https://sol.unibo.it/SebinaOpac/resource/le-nevi-dellaltro-anno-racconti-19671968/UBO0337174;;;;;;;;;;;;;;;;;;;;;
RDq 231;1967;;Il treno e il mare;ED (Le nevi dell'altro anno);https://sol.unibo.it/SebinaOpac/resource/le-nevi-dellaltro-anno-racconti-19671968/UBO0337174;;;;;;;;;;;;;;;;;;;;;
RDq 232;1967;06;Trama per un racconto;ED?;;;;;;;;;;;;;;;;;;;;;;
RDq 232;1967;;Tempo di guerra;ED (Le nevi dell'altro anno);https://sol.unibo.it/SebinaOpac/resource/le-nevi-dellaltro-anno-racconti-19671968/UBO0337174;;;;;;;;;;;;;;;;;;;;;
RDq 232;1967;;Il fiore della canna [Il fiore rosso della canna];"ED (Le nevi dell'altro anno; I bachi da seta)?";https://sol.unibo.it/SebinaOpac/resource/le-nevi-dellaltro-anno-racconti-19671968/UBO0337174;;;;;;;;;;;;;;;;;;;;;
RDq 233;1967;07;Monsieur Ingres (In margine alla Mostra del Petit Palais);ED?;;;;;;;;;;;;;;;;;;;;;;
RDq 234;1967;08;Una rosa per Nerval ;ED (Le nevi dell'altro anno);https://sol.unibo.it/SebinaOpac/resource/le-nevi-dellaltro-anno-racconti-19671968/UBO0337174;;;;;;;;;;;;;;;;;;;;;
RDq 234;1967;;Variazione sul bianco;ED (Le nevi dell'altro anno);https://sol.unibo.it/SebinaOpac/resource/le-nevi-dellaltro-anno-racconti-19671968/UBO0337174;;;;;;;;;;;;;;;;;;;;;
RDq 235;1967;09;L'estate di San Martino;ED (Le nevi dell'altro anno);https://sol.unibo.it/SebinaOpac/resource/le-nevi-dellaltro-anno-racconti-19671968/UBO0337174;;;;;;;;;;;;;;;;;;;;;
RDq 235;1967;;Fuga in bianco [Variazione sul bianco];ED (Le nevi dell'altro anno);https://sol.unibo.it/SebinaOpac/resource/le-nevi-dellaltro-anno-racconti-19671968/UBO0337174;;;;;;;;;;;;;;;;;;;;;
RDq 235;1967;;Domenica al mare;ED?;;;;;;;;;;;;;;;;;;;;;;
RDq 236;1967;10;Meryon e Baudelaire;ED (RdC? 19.11.1967);;;;;;;;;;;;;;;;;;;;;;
RDq 236;1967;;Sono ritornati i colombi (Il Novellino);ED?;;;;;;;;;;;;;;;;;;;;;;
RDq 237;1968;01;La signorina Mercedes;ED (Le nevi dell'altro anno);https://sol.unibo.it/SebinaOpac/resource/le-nevi-dellaltro-anno-racconti-19671968/UBO0337174;;;;;;;;;;;;;;;;;;;;;
RDq 237;1968;;Il fabbro Pompeo (altra versione di Deserto sulla terra);ED?;;;;;;;;;;;;;;;;;;;;;;
RDq 237;1968;;Deserto sulla terra;ED (Le nevi dell'altro anno);https://sol.unibo.it/SebinaOpac/resource/le-nevi-dellaltro-anno-racconti-19671968/UBO0337174;;;;;;;;;;;;;;;;;;;;;
RDq 241;1968;02;Lady Macbeth;ED (Le nevi dell'altro anno);https://sol.unibo.it/SebinaOpac/resource/le-nevi-dellaltro-anno-racconti-19671968/UBO0337174;;;;;;;;;;;;;;;;;;;;;
RDq 241;1968;;Neve in ferrovia;ED (Le nevi dell'altro anno);https://sol.unibo.it/SebinaOpac/resource/le-nevi-dellaltro-anno-racconti-19671968/UBO0337174;;;;;;;;;;;;;;;;;;;;;
RDq 242;1968;03;Un sogno del '43;ED (Le nevi dell'altro anno);https://sol.unibo.it/SebinaOpac/resource/le-nevi-dellaltro-anno-racconti-19671968/UBO0337174;;;;;;;;;;;;;;;;;;;;;
RDq 242;1968;;L'uomo all'ospedale (con varianti rispetto alla versione ed);ED (Il nero e l'azzurro);https://sol.unibo.it/SebinaOpac/resource/il-nero-e-lazzurro-racconti-19681969/UBO1008462;;;;;;;;;;;;;;;;;;;;;
RDq 238;1968;04;"Come dei bachi da seta, racconto (ripreso dalla ""Scatola dei ricordi"", 1963)";ED (Il nero e l'azzurro);https://sol.unibo.it/SebinaOpac/resource/il-nero-e-lazzurro-racconti-19681969/UBO1008462;;;;;;;;;;;;;;;;;;;;;
RDq 238;1968;;La pianura e il fiume;ED (I bachi da seta);;;;;;;;;;;;;;;;;;;;;;
RDq 239;1968;05;Nanni di Banco;ED?;;;;;;;;;;;;;;;;;;;;;;
RDq 240;1968;06;Giacobbe e l'angelo;ED (Le nevi dell'altro anno);https://sol.unibo.it/SebinaOpac/resource/le-nevi-dellaltro-anno-racconti-19671968/UBO0337174;;;;;;;;;;;;;;;;;;;;;
RDq 240;1968;;Ritagli (Ritagli per il Carlino, Rubrica);ED (RdC);;;;;;;;;;;;;;;;;;;;;;
RDq 240;1968;;Una visita imbarazzante (Domenico Giordani);ED (Le nevi dell'altro anno);https://sol.unibo.it/SebinaOpac/resource/le-nevi-dellaltro-anno-racconti-19671968/UBO0337174;;;;;;;;;;;;;;;;;;;;;
RDq 243;1968;07;Caserma Scalo ;ED (Le nevi dell'altro anno);https://sol.unibo.it/SebinaOpac/resource/le-nevi-dellaltro-anno-racconti-19671968/UBO0337174;;;;;;;;;;;;;;;;;;;;;
RDq 244;1968;08;La strada di Palmanova;ED (Le nevi dell'altro anno);https://sol.unibo.it/SebinaOpac/resource/le-nevi-dellaltro-anno-racconti-19671968/UBO0337174;;;;;;;;;;;;;;;;;;;;;
RDq 244;1968;;Il ritratto del ragazzo;ED (Le nevi dell'altro anno);https://sol.unibo.it/SebinaOpac/resource/le-nevi-dellaltro-anno-racconti-19671968/UBO0337174;;;;;;;;;;;;;;;;;;;;;
RDq 244;1968;;Taccuino nuovo ;;;;;;;;;;;;;;;;;;;;;;;
RDq 244;1968;;Le nevi dell'altro anno;ED?;;;;;;;;;;;;;;;;;;;;;;
RDq 244;1968;;La strada di Marradi;ED?;;;;;;;;;;;;;;;;;;;;;;
RDq 245;1968;09;L'ospizio;ED (Le nevi dell'altro anno);https://sol.unibo.it/SebinaOpac/resource/le-nevi-dellaltro-anno-racconti-19671968/UBO0337174;;;;;;;;;;;;;;;;;;;;;
RDq 246;1968;10;Un tramonto;ED (Il nero e l'azzurro);https://sol.unibo.it/SebinaOpac/resource/il-nero-e-lazzurro-racconti-19681969/UBO1008462;;;;;;;;;;;;;;;;;;;;;
RDq 246;1968;;Il postiglione d'Europa (Magalotti);ED?;;;;;;;;;;;;;;;;;;;;;;
RDq 246;1968;;La scultura francese del '700;ED?;;;;;;;;;;;;;;;;;;;;;;
RDq 247;1968;11;Giornate romane;ED?;;;;;;;;;;;;;;;;;;;;;;
RDq 247;1968;;Un poco di neve ;ED (Il nero e l'azzurro);https://sol.unibo.it/SebinaOpac/resource/il-nero-e-lazzurro-racconti-19681969/UBO1008462;;;;;;;;;;;;;;;;;;;;;
RDq 248;1968;12;Rio Maggiore 2. parte;ED (Il nero e l'azzurro);;;;;;;;;;;;;;;;;;;;;;
RDq 248;1968;;Incontro al parco;ED (I bachi da seta);;;;;;;;;;;;;;;;;;;;;;
RDq 249;1969;01;Erano tre amici (In tre alla Montagnola);ED (Il nero e l'azzurro)?;;;;;;;;;;;;;;;;;;;;;;
RDq 250;1969;02;Montaigne con la fiamma ossidrica [Montaigne in officina]?;ED (Il nero e l'azzurro)?;;;;;;;;;;;;;;;;;;;;;;
RDq 251;1969;03;Giuseppina;ED (Il nero e l'azzurro);https://sol.unibo.it/SebinaOpac/resource/il-nero-e-lazzurro-racconti-19681969/UBO1008462;;;;;;;;;;;;;;;;;;;;;
RDq 251;1969;;Il sogno di Lisa;ED (Il nero e l'azzurro);https://sol.unibo.it/SebinaOpac/resource/il-nero-e-lazzurro-racconti-19681969/UBO1008462;;;;;;;;;;;;;;;;;;;;;
RDq 252;1969;04;Racconto di notte;appunti ;;;;;;;;;;;;;;;;;;;;;;
RDq 253;1969;05;"Il nero e l'azzurro (La nave ""La speranza"")";ED (Il nero e l'azzurro);https://sol.unibo.it/SebinaOpac/resource/il-nero-e-lazzurro-racconti-19681969/UBO1008462;;;;;;;;;;;;;;;;;;;;;
RDq 253;1969;;Le conchiglie (Le conchiglie nella stanza);ED (Il nero e l'azzurro);https://sol.unibo.it/SebinaOpac/resource/il-nero-e-lazzurro-racconti-19681969/UBO1008462;;;;;;;;;;;;;;;;;;;;;
RDq 254;1969;06;Luca orologiaio;ED (Il nero e l'azzurro);https://sol.unibo.it/SebinaOpac/resource/il-nero-e-lazzurro-racconti-19681969/UBO1008462;;;;;;;;;;;;;;;;;;;;;
RDq 254;1969;;Le sorelle;ED (Il nero e l'azzurro);https://sol.unibo.it/SebinaOpac/resource/il-nero-e-lazzurro-racconti-19681969/UBO1008462;;;;;;;;;;;;;;;;;;;;;
RDq 255;1969;07;Allegoria di Pietrone (Il signor Carlo);ED (Il nero e l'azzurro);https://sol.unibo.it/SebinaOpac/resource/il-nero-e-lazzurro-racconti-19681969/UBO1008462;;;;;;;;;;;;;;;;;;;;;
RDq 255;1969;;Cortile a Bologna [Cortile];ED (Il nero e l'azzurro);https://sol.unibo.it/SebinaOpac/resource/il-nero-e-lazzurro-racconti-19681969/UBO1008462;;;;;;;;;;;;;;;;;;;;;
RDq 256;1969;08;La colazione;ED?;;;;;;;;;;;;;;;;;;;;;;
RDq 256;1969;;La bella vita ;ED (Il nero e l'azzurro);https://sol.unibo.it/SebinaOpac/resource/il-nero-e-lazzurro-racconti-19681969/UBO1008462;;;;;;;;;;;;;;;;;;;;;
RDq 256;1969;;La città;ED (Il nero e l'azzurro);https://sol.unibo.it/SebinaOpac/resource/il-nero-e-lazzurro-racconti-19681969/UBO1008462;;;;;;;;;;;;;;;;;;;;;
RDq 257;1969;09;La fine di qualcosa;ED (Il nero e l'azzurro);https://sol.unibo.it/SebinaOpac/resource/il-nero-e-lazzurro-racconti-19681969/UBO1008462;;;;;;;;;;;;;;;;;;;;;
RDq 257;1969;;Ungaretti;ED?;;;;;;;;;;;;;;;;;;;;;;
RDq 257;1969;;Un ritratto a pastello;ED?;;;;;;;;;;;;;;;;;;;;;;
RDq 258;1969;10;I francesi di Emilio Cecchi: saggio per la miscellanea in onore di M. Fubini;ED (Critica e storia letteraria, a. 1970);https://sol.unibo.it/SebinaOpac/resource/i-francesi-di-emilio-cecchi/UBO2815547;;;;;;;;;;;;;;;;;;;;;
RDq 259;1970;01;Una notte alla fattoria;ED?;;;;;;;;;;;;;;;;;;;;;;
RDq 259;1970;;La novella del Grasso Legnaiuolo;ED (Le linee della mano);https://sol.unibo.it/SebinaOpac/resource/le-linee-della-mano-saggi-letterari-19561970/UBO0909072;;;;;;;;;;;;;;;;;;;;;
RDq 260;1970;02;Le parole;ED?;;;;;;;;;;;;;;;;;;;;;;
RDq 260;1970;;Mezzo secolo di ricordi;ED?;;;;;;;;;;;;;;;;;;;;;;
RDq 260;1970;;Lo scultore toscano (V. Venturi);ED?;;;;;;;;;;;;;;;;;;;;;;
RDq 261;1970;03;Notizie per un mantovano;ED?;;;;;;;;;;;;;;;;;;;;;;
RDq 261;1970;;La casa nella torre;ED?;;;;;;;;;;;;;;;;;;;;;;
RDq 261;1970;;La scarpina di porcellana;ED?;;;;;;;;;;;;;;;;;;;;;;
RDq 262;1970;04;La scarpetta di porcellana ;ED?;;;;;;;;;;;;;;;;;;;;;;
RDq 263;1970;05;Pomeriggio al mare;ED?;;;;;;;;;;;;;;;;;;;;;;
RDq 263;1970;;Un'ora d'estate ;ED? (ms);;;;;;;;;;;;;;;;;;;;;;
RDq 264;1970;06;Un paese nel mondo;ED?;;;;;;;;;;;;;;;;;;;;;;